['runescape'],0.0010031767262999498
['TeenMFA'],0.0005019240421616195
['AnimalsBeingJerks'],0.0008350033400133601
['AskReddit'],0.001167250291812573
['truetf2'],0.0011678345011678344
['skiing'],0.00033472803347280337
['nba'],0.0009998333611064823
['Exittors'],0.0013340003335000834
['leagueoflegends'],0.00033467202141900936
['movies'],0.0011662779073642118
['MapPorn'],0.0011688094840540991
['wow'],0.00033461602810774636
['promos'],0.0005014206919605549
['GreenBayPackers'],0.0008361204013377926
['asoiaf'],0.0008331944675887352
['dayz'],0.0006695681285570807
['gaming'],0.0006672226855713094
['AdviceAnimals'],0.0006666666666666666
['ThisIsOurMusic'],0.0006695681285570807
['beerporn'],0.0011664722546242292
['sysadmin'],0.0015025041736227045
['TwoXChromosomes'],0.0005019240421616195
['cigars'],0.0008345852111500584
['todayilearned'],0.0008340283569641367
['pics'],0.0006685609226140733
['PercyJacksonRP'],0.0008341675008341675
['technology'],0.0006691201070592171
['friendsafari'],0.0011693952555963916
['CanadaPolitics'],0.0015015015015015015
['malefashionadvice'],0.0005020920502092051
['SVExchange'],0.0005010856856522465
['electricians'],0.0008344459279038719
['Smite'],0.0005008347245409015
['guns'],0.000669008195350393
['Random_Acts_Of_Amazon'],0.0006670001667500417
['skyrim'],0.0011695906432748538
['pathofexile'],0.0008348639171814994
['Sidehugs'],0.0005016722408026755
['cats'],0.0011676396997497916
['airsoft'],0.0003345040976751965
['INTP'],0.0006682258603407952
['funny'],0.0013344453711426189
['Justrolledintotheshop'],0.001169981614574628
['keto'],0.0010025062656641604
['books'],0.0008359806052499582
['community'],0.0006683375104427736
['LosAngeles'],0.0003345040976751965
['science'],0.0008369601606963508
['windowsphone'],0.0011688094840540991
['bestof'],0.0005015883631499749
['EngineeringStudents'],0.0005011693952555964
['teenagers'],0.0005010856856522465
['PotterPlayRP'],0.0013353363378400935
['PS4'],0.0013353363378400935
['nfl'],0.0008331944675887352
['fatpeoplestories'],0.001002171371304493
['soccer'],0.0008340283569641367
['vapeitforward'],0.0008355614973262032
['BabyBumps'],0.0006694560669456067
['Art'],0.0011676396997497916
['gallifrey'],0.0011684192956100817
['Lasseireitei'],0.0010025062656641604
['battlefield_4'],0.0006681142475363287
['freedonuts'],0.000502008032128514
['hockey'],0.0011678345011678344
['lebanon'],0.0005022601707684581
['unitedkingdom'],0.00033467202141900936
['arrow'],0.0010028413839211097
['sports'],0.0016702856188408218
['conspiro'],0.0005016722408026755
['cellphones'],0.0005020920502092051
['pokemontrades'],0.0008348639171814994
['tall'],0.0008345852111500584
['Entrepreneur'],0.0008361204013377926
['pjrpafterdark'],0.0005021760964178105
['MLPLounge'],0.0006694560669456067
['ChineseLanguage'],0.000502008032128514
['PoliticalDiscussion'],0.0008368200836820083
['aww'],0.0008348639171814994
['FIFA'],0.0011668611435239206
['cringepics'],0.0006672226855713094
['WTF'],0.00033472803347280337
['AN_RP'],0.001001001001001001
['SteamGameSwap'],0.000502008032128514
['DotA2'],0.001002673796791444
['skyrimmods'],0.0005015045135406219
['raisedbynarcissists'],0.0015012510425354462
['lewronggeneration'],0.0006682258603407952
['ShinyPokemon'],0.0008340283569641367
['AllThingsGuns'],0.0008362602441879914
['KerbalSpaceProgram'],0.0005015883631499749
['Ubuntu'],0.0010013351134846463
['AskMen'],0.0006687844841999665
['worldnews'],0.0010023387905111927
['circlejerk'],0.001169981614574628
['mentalhealth'],0.001333777925975325
['pokemon'],0.0006688963210702341
['Music'],0.0006694560669456067
['leafs'],0.001002171371304493
['MechanicalKeyboards'],0.001167250291812573
['mildlyinfuriating'],0.001003344481605351
['Astronomy'],0.0008361204013377926
['vita'],0.0006693440428380187
['IAmA'],0.0013348907058234607
['HeroesofNewerth'],0.0008364001338240214
['taiwan'],0.000669008195350393
['Starcitizen_trades'],0.0011691999331885753
['videos'],0.000835421888053467
['userbattleslounge'],0.0005020920502092051
['bigboobproblems'],0.0006688963210702341
['phoenix'],0.0010030090270812437
['RandomActsOfPolish'],0.0005020920502092051
['PKA'],0.0006694560669456067
['Pokemongiveaway'],0.001667778519012675
['Dota2Trade'],0.0008343066911396629
['randomsuperpowers'],0.0006697923643670462
['Ford'],0.000667779632721202
['Eminem'],0.0011693952555963916
['Advice'],0.0016680567139282735
['ultrahardcore'],0.00033422459893048126
['Spiderman'],0.0006681142475363287
['gifs'],0.0008362602441879914
['Libertarian'],0.001167250291812573
['2007scape'],0.001167250291812573
['army'],0.0006694560669456067
['CFB'],0.0008361204013377926
['roosterteeth'],0.0008348639171814994
['WritingPrompts'],0.00033472803347280337
['metacanada'],0.0006695681285570807
['chicago'],0.0011674449633088727
['Frugal'],0.0006688963210702341
['granturismo'],0.000669008195350393
['relationships'],0.0005021760964178105
['dogemarket'],0.001001669449081803
['ShingekiNoKyojin'],0.0006687844841999665
['rawdenim'],0.0011686143572621035
['sharehearthstone'],0.001000834028356964
['pcmasterrace'],0.0008361204013377926
['EroticHypnosis'],0.0006682258603407952
['OpiatesRecovery'],0.0005020920502092051
['sex'],0.001334668001334668
['Browns'],0.0008369601606963508
['tf2'],0.0008359806052499582
['BostonBruins'],0.0013353363378400935
['r4rDFW'],0.0008351428094204109
['news'],0.0008355614973262032
['MMA'],0.0011674449633088727
['hiphopheads'],0.0006688963210702341
['GrandTheftAutoV'],0.0008348639171814994
['montreal'],0.0005020920502092051
['rage'],0.0011678345011678344
['NASCAR'],0.0010028413839211097
['breakingbad'],0.001335559265442404
['FolkPunk'],0.0010003334444814939
['breastfeeding'],0.0008355614973262032
['orioles'],0.0005020920502092051
['Hiphopcirclejerk'],0.0006682258603407952
['Dachshund'],0.001002673796791444
['kpop'],0.0008348639171814994
['iOSthemes'],0.0008361204013377926
['baseball'],0.0010036801605888257
['SNSD'],0.0011684192956100817
['starcraft'],0.000502008032128514
['CollegeBasketball'],0.0006694560669456067
['wicked_edge'],0.0008350033400133601
['MakeupAddiction'],0.0008337502084375521
['askscience'],0.0010013351134846463
['actuallesbians'],0.0005019240421616195
['secretsanta'],0.000669008195350393
['ladybonersgw'],0.0008366800535475234
['hcfactions'],0.0008351428094204109
['creepyPMs'],0.0010013351134846463
['starbound'],0.0008361204013377926
['trees'],0.0008344459279038719
['fantasybball'],0.0005020920502092051
['jailbreak'],0.000502008032128514
['TrollXChromosomes'],0.0005020920502092051
['bikinis'],0.0006694560669456067
['AnimalCrossing'],0.0008368200836820083
['blog'],0.0011666666666666668
['strife'],0.0011670556852284096
['futurama'],0.0003345040976751965
['Meditation'],0.0011682242990654205
['buildapc'],0.001002673796791444
['Games'],0.0006683375104427736
['drunk'],0.0010001666944490749
['pcgaming'],0.0008361204013377926
['Flyers'],0.0015040106951871657
['legaladvice'],0.000669008195350393
['television'],0.0008345852111500584
['Seahawks'],0.0006695681285570807
['Rateme'],0.0006694560669456067
['IASIP'],0.0005020920502092051
['SquaredCircle'],0.0008365400702693659
['NYGiants'],0.0008368200836820083
['musicals'],0.0013340003335000834
['DarkoutGame'],0.0005020920502092051
['PropagandaPosters'],0.000500751126690035
['Liberal'],0.00033461602810774636
['offbeat'],0.00033472803347280337
['australia'],0.001001669449081803
['dogs'],0.0008350033400133601
['Steam'],0.0008365400702693659
['52weeksofcooking'],0.0005021760964178105
['cringe'],0.0005020920502092051
['TheRedLion'],0.0006681142475363287
['Military'],0.0006688963210702341
['politics'],0.0008362602441879914
['conspiracy'],0.000501002004008016
['AskWomen'],0.0013357822674903992
['casualiama'],0.0008357011532675915
['GameDeals'],0.0006695681285570807
['mindcrack'],0.0011678345011678344
['playrust'],0.0008355614973262032
['TumblrInAction'],0.0010006671114076052
['argentina'],0.0006687844841999665
['TagPro'],0.0011693952555963916
['Seattle'],0.0008345852111500584
['vegan'],0.0006687844841999665
['FoodPorn'],0.001002004008016032
['compsci'],0.0011678345011678344
['Bitcoin'],0.0011688094840540991
['Calligraphy'],0.001169981614574628
['litecoin'],0.0008371002846140967
['DeadBedrooms'],0.0006696802276912774
['canes'],0.000502008032128514
['PS3'],0.0008350033400133601
['SingleDads'],0.0008350033400133601
['Connecticut'],0.0011688094840540991
['3DS'],0.0006694560669456067
['LANL_German'],0.0006682258603407952
['playrustservers'],0.0011691999331885753
['OnePiece'],0.0006682258603407952
['skrillex'],0.0006683375104427736
['crossfit'],0.0010003334444814939
['makinghiphop'],0.0006688963210702341
['OkCupid'],0.0011693952555963916
['BeardedDragons'],0.001003344481605351
['newzealand'],0.000835421888053467
['lostgeneration'],0.0005014206919605549
['Documentaries'],0.000502008032128514
['chicagobulls'],0.0006686726847208291
['tipofmytongue'],0.000835421888053467
['summonerschool'],0.0013348907058234607
['cowboys'],0.0008345852111500584
['opiates'],0.000835421888053467
['subaru'],0.0006695681285570807
['hearthstone'],0.0010028413839211097
['Homebrewing'],0.0006694560669456067
['GuessTheMovie'],0.00100150225338007
['subreddit_conspiracy.csv'],0.0008344459279038719
['subreddit_fatpeoplehate.csv'],0.0006680026720106881
['subreddit_trashy.csv'],0.0003336113427856547
['subreddit_Incels.csv'],0.0006682258603407952
['subreddit_progresspics.csv'],0.0005012531328320802
['subreddit_CoonTown.csv'],0.0006683375104427736
['subreddit_whitesox.csv'],0.001002171371304493
['subreddit_sjwhate.csv'],0.00033456005352960856
['subreddit_trailerparkboys.csv'],0.0005015883631499749
['subreddit_whitepeoplegifs.csv'],0.0008341675008341675
['subreddit_spicy.csv'],0.0006688963210702341
['subreddit_GreatApes.csv'],0.0006676681689200467
['subreddit_trashyboners.csv'],0.0005019240421616195
['subreddit_whiteknighting.csv'],0.00033461602810774636
['subreddit_botwatch.csv'],0.0013344453711426189
['subreddit_whitewater.csv'],0.0006693440428380187
['subreddit_mtgmarketwatch.csv'],0.00033467202141900936
['subreddit_trailers.csv'],0.00016730801405387318
['subreddit_Ijustwatched.csv'],0.0008336112037345782
['subreddit_youreacunt.csv'],0.000669008195350393
['subreddit_tycoon.csv'],0.0013364517206815904
['subreddit_dykesgonewild.csv'],0.00033433634236041456
['subreddit_gifsthatendtoosoon.csv'],0.001169004676018704
['subreddit_isrconspiracyracist.csv'],0.0006682258603407952
['subreddit_whitecapsfc.csv'],0.000501002004008016
['subreddit_robintracking.csv'],0.0008348639171814994
['subreddit_mainecoons.csv'],0.00016730801405387318
['subreddit_weightwatchers.csv'],0.00033467202141900936
['subreddit_smartwatch.csv'],0.0008368200836820083
['subreddit_dykesgonemild.csv'],0.00033461602810774636
['subreddit_jackwhite.csv'],0.0006683375104427736
['subreddit_taptycoon.csv'],0.0011684192956100817
['subreddit_whitebeauty.csv'],0.00016730801405387318
['subreddit_redneckengineering.csv'],0.0006687844841999665
['subreddit_seamusisabiggerfaggot.csv'],0.0005019240421616195
['subreddit_getthewaternigger.csv'],0.00033467202141900936
['subreddit_blackchickswhitedicks.csv'],0.00033428046130703663
['subreddit_whitecollar.csv'],0.0011688094840540991
['subreddit_realhate.csv'],0.000502008032128514
['subreddit_hatetruths.csv'],0.0005019240421616195
['subreddit_trashpandas.csv'],0.000667779632721202
['subreddit_truefirstworldretards.csv'],0.0005009183503088997
['subreddit_ihatealramclocks.csv'],0.00016733601070950468
['subreddit_blackmagicfuckery.csv'],0.0010023387905111927
['subreddit_trueautobothate.csv'],0.0013348907058234607
['subreddit_thebayesianconspiracy.csv'],0.000501002004008016
['subreddit_Mandyke.csv'],0.0005019240421616195
['subreddit_dolphinconspiracy.csv'],0.0005014206919605549
['subreddit_xboxonehate.csv'],0.00033467202141900936
['subreddit_hater.csv'],0.0005006675567423231
['subreddit_cuntryballs.csv'],0.0006684491978609625
['subreddit_rocketraccoon.csv'],0.00016730801405387318
['subreddit_ketchuphate.csv'],0.0006694560669456067
['subreddit_IdleOilTycoon.csv'],0.0006687844841999665
['subreddit_conspiracyfact.csv'],0.0008371002846140967
['subreddit_fatpeoplehatehate.csv'],0.0008345852111500584
['subreddit_ifuckinghatecats.csv'],0.0008359806052499582
['subreddit_dearwhitepeople.csv'],0.0005020920502092051
['subreddit_suspiciousquotes.csv'],0.0011686143572621035
['subreddit_fatpeoplehateGW.csv'],0.00016728002676480428
['subreddit_whitepeoplefacebook.csv'],0.0005010856856522465
['subreddit_shittyconspiracy.csv'],0.0005014206919605549
['subreddit_WhateverYouWantPosted.csv'],0.0010023387905111927
['subreddit_pocketwatch.csv'],0.0006682258603407952
['subreddit_grandpajoehate.csv'],0.0011686143572621035
['subreddit_smartwatch3.csv'],0.00033467202141900936
['subreddit_Ellenpaohate.csv'],0.0011697860962566844
['subreddit_Cherubesque.csv'],0.0015012510425354462
['subreddit_ZooTycoon.csv'],0.0005020920502092051
['subreddit_chickenhater.csv'],0.00016733601070950468
['subreddit_HWWRaccoons.csv'],0.0006687844841999665
['subreddit_Raccoons.csv'],0.00133422281521014
['subreddit_badasspics.csv'],0.00033461602810774636
['subreddit_thoseconspiracyguys.csv'],0.0006674453529117303
['subreddit_alphaalphatesting.csv'],0.00033456005352960856
['subreddit_spiceworks.csv'],0.00033456005352960856
['subreddit_cuntboyfur.csv'],0.0006694560669456067
['subreddit_FuckCoonTown.csv'],0.00033461602810774636
['subreddit_redneckfixes.csv'],0.00033467202141900936
['subreddit_trashdetective.csv'],0.0008361204013377926
['subreddit_gayassfaggot.csv'],0.0010018367006177993
['subreddit_Coyolecooner23.csv'],0.0010035122930255895
['subreddit_Saltwater.csv'],0.0008347245409015025
['subreddit_fatwhichwehate.csv'],0.0005019240421616195
['subreddit_TubeTycoon.csv'],0.00033467202141900936
['subreddit_degresspics.csv'],0.00033456005352960856
['subreddit_IncelsWithoutHate.csv'],0.00033472803347280337
['subreddit_sjw_hate.csv'],0.0005020920502092051
['subreddit_EllenPaoandfathate.csv'],0.0006678911337451996
['subreddit_xxprogresspics.csv'],0.00033461602810774636
['subreddit_farpeoplehate.csv'],0.00016728002676480428
['subreddit_Anti_conspiracy.csv'],0.000502008032128514
['subreddit_whiteboy60.csv'],0.0005005005005005005
['subreddit_ihatechristmas.csv'],0.00033461602810774636
['subreddit_onionhate.csv'],0.0008358408559010365
['subreddit_gametrailers.csv'],0.0005014206919605549
['subreddit_TangerineTycoon.csv'],0.00033456005352960856
['subreddit_CFLconspiracy.csv'],0.00033456005352960856
['subreddit_musichate.csv'],0.001167250291812573
['subreddit_Grantisretarded.csv'],0.000502008032128514
['subreddit_fatpeoplehate6.csv'],0.0008350033400133601
['subreddit_blackandwhite.csv'],0.0006691201070592171
['subreddit_whitewhale.csv'],0.0008358408559010365
['subreddit_patientwatchers.csv'],0.0005019240421616195
['subreddit_dykesgoneliterate.csv'],0.0008351428094204109
['subreddit_ageprogresspics.csv'],0.001001669449081803
['subreddit_whitepeople.csv'],0.0006684491978609625
['subreddit_uncensoredwhitenews.csv'],0.0006681142475363287
['subreddit_Rykerhate.csv'],0.0010028413839211097
['subreddit_darkconspiracy.csv'],0.0006681142475363287
['subreddit_niggerduy.csv'],0.0013351134846461949
['subreddit_whitewatercirclejerk.csv'],0.0003341687552213868
['subreddit_conspiracydocumentary.csv'],0.00033467202141900936
['subreddit_fnafhate.csv'],0.0006682258603407952
['subreddit_thebuttonwhiteknights.csv'],0.0008336112037345782
['subreddit_whatever_Girl.csv'],0.0010018367006177993
['subreddit_hospice.csv'],0.0008355614973262032
['subreddit_museumtycoon.csv'],0.0005014206919605549
['subreddit_hate.csv'],0.000502008032128514
['subreddit_TheIncels.csv'],0.00033467202141900936
['subreddit_basspics.csv'],0.001169004676018704
['subreddit_IncelsGoneWild.csv'],0.001002004008016032
['subreddit_raccoongifs.csv'],0.0011680293675955281
['subreddit_whitefolks.csv'],0.0011678345011678344
['subreddit_mylittleconspiracy.csv'],0.0008350033400133601
['subreddit_hatefulcomments.csv'],0.001335559265442404
['subreddit_ihatecats.csv'],0.00033467202141900936
['subreddit_whateverhappenedto.csv'],0.00033467202141900936
['subreddit_sonysmartwatch3.csv'],0.00033467202141900936
['subreddit_nonwhite.csv'],0.0006680026720106881
['subreddit_Shutupredneckman.csv'],0.0006685609226140733
['subreddit_conspiracytheories.csv'],0.0008340283569641367
['subreddit_fatpeoplehate30.csv'],0.0005015883631499749
['subreddit_niggervideos.csv'],0.0008361204013377926
['subreddit_nonwhitebimbos.csv'],0.00016728002676480428
['subreddit_niggerniggers.csv'],0.00033461602810774636
['subreddit_Whatever2.csv'],0.00033456005352960856
['subreddit_puahate.csv'],0.001001669449081803
['subreddit_conspiracyhub.csv'],0.0006695681285570807
['subreddit_whiteass.csv'],0.0005015883631499749
['subreddit_jenniferwhite.csv'],0.0005015883631499749
['subreddit_looking_suspicious.csv'],0.00033456005352960856
['subreddit_cutecunts.csv'],0.00033428046130703663
['subreddit_guyfierihate.csv'],0.001002004008016032
['subreddit_techieshate.csv'],0.0006686726847208291
['subreddit_donttapthewhitetile.csv'],0.0005019240421616195
['subreddit_talktrash.csv'],0.0005019240421616195
['subreddit_hatethisanime.csv'],0.0010030090270812437
['subreddit_ihaterconspiracyclub.csv'],0.00033461602810774636
['subreddit_fatsquirrelhate.csv'],0.0015017520440513933
['subreddit_loseit_progresspics.csv'],0.00033456005352960856
['subreddit_applehate.csv'],0.000501002004008016
['subreddit_FAT32peoplehate.csv'],0.000502008032128514
['subreddit_cheerhate.csv'],0.0008343066911396629
['subreddit_MadGamesTycoon.csv'],0.00033467202141900936
['subreddit_mediocrepeoplehate.csv'],0.0008347245409015025
['subreddit_blackandwhite2.csv'],0.0006686726847208291
['subreddit_fatwomenhate.csv'],0.0013351134846461949
['subreddit_GameDevTycoon.csv'],0.0016702856188408218
['subreddit_ciswhiteprivilege.csv'],0.0006688963210702341
['subreddit_ConspicuousBrands.csv'],0.0010011680293675956
['subreddit_hemanwomanhaters.csv'],0.001002673796791444
['subreddit_Fatraccoonhate.csv'],0.000502008032128514
['subreddit_whitetigernorth.csv'],0.0008331944675887352
['subreddit_trashcanned.csv'],0.0005015045135406219
['subreddit_fatsteeplehate.csv'],0.0006687844841999665
['subreddit_thinpeoplehate2.csv'],0.001167250291812573
['subreddit_dyke.csv'],0.0008345852111500584
['subreddit_trashcansinatras.csv'],0.0005020920502092051
['subreddit_AtwaterVillage.csv'],0.0011680293675955281
['subreddit_fatpeoplehateveggies.csv'],0.000502008032128514
['subreddit_SumbitWhateverYouWant.csv'],0.0008350033400133601
['subreddit_dirjjpeoplehate.csv'],0.0005005005005005005
['subreddit_gildedconspiracy.csv'],0.0005018400802944129
['subreddit_hxh_hate.csv'],0.00016728002676480428
['subreddit_modpeoplehate.csv'],0.000835421888053467
['subreddit_ihate.csv'],0.0008357011532675915
['subreddit_jugglerisatwat.csv'],0.00033467202141900936
['subreddit_baldpplarewalterwhite.csv'],0.0005018400802944129
['subreddit_whitepeoplecode.csv'],0.0006693440428380187
['subreddit_Fatpeoplehate42069.csv'],0.00033456005352960856
['subreddit_fatpeoplehate2.csv'],0.00016730801405387318
['subreddit_spicymango.csv'],0.0005011693952555964
['subreddit_trashyladyboners.csv'],0.0011697860962566844
['subreddit_carsfilledwithtrash.csv'],0.0006681142475363287
['subreddit_cringecringepicspics.csv'],0.001001669449081803
['subreddit_malepeoplehate.csv'],0.00033467202141900936
['subreddit_foodfuckers.csv'],0.0008348639171814994
['subreddit_spicy_melons.csv'],0.0015047650894499248
['subreddit_spambotwatch.csv'],0.0006678911337451996
['subreddit_gayretard.csv'],0.0008345852111500584
['subreddit_whitepeoplecomments.csv'],0.0006676681689200467
['subreddit_pscuntboys.csv'],0.0006693440428380187
['subreddit_askadyke.csv'],0.0010003334444814939
['subreddit_spice_merchants.csv'],0.0006694560669456067
['subreddit_whitebeltbjj.csv'],0.000501002004008016
['subreddit_trashymemes.csv'],0.001335559265442404
['subreddit_gifsthatendtoobus.csv'],0.0011697860962566844
['subreddit_storiesbyfaggots.csv'],0.0006678911337451996
['subreddit_gotrpconspiracy.csv'],0.00033456005352960856
['subreddit_PPRPconspiracy.csv'],0.0013348907058234607
['subreddit_fifahate.csv'],0.0005020920502092051
['subreddit_Teenswhoarentretarded.csv'],0.0006681142475363287
['subreddit_teamspeakfaggotry.csv'],0.0011688094840540991
['subreddit_thinpeoplehate.csv'],0.001001669449081803
['subreddit_fat_niggers.csv'],0.0005000833472245374
['subreddit_gifsthatendtoolate.csv'],0.00033467202141900936
['subreddit_Suspicious0bservers.csv'],0.00033433634236041456
['subreddit_roycewhite.csv'],0.0008369601606963508
['subreddit_rubegoldberghacathon.csv'],0.00033467202141900936
['subreddit_shittyfatpeoplehate.csv'],0.000501336898395722
['subreddit_trash.csv'],0.0005015045135406219
['subreddit_gifsthatendwaytoosoon.csv'],0.00016733601070950468
['subreddit_proof_niggers_suck.csv'],0.0005020920502092051
['subreddit_fatpeoplehate8428.csv'],0.00033433634236041456
['subreddit_firstworldfaggots.csv'],0.0008355614973262032
['subreddit_Swiftmangahaters.csv'],0.000502008032128514
['subreddit_antiwhitereddit.csv'],0.0005015883631499749
['subreddit_conspiracybestof.csv'],0.0006686726847208291
['subreddit_fatpeoplehate404.csv'],0.00033467202141900936
['subreddit_maymayconspiracy.csv'],0.0010011680293675956
['subreddit_dairywhitecup.csv'],0.0016702856188408218
['subreddit_fatwsgyhate.csv'],0.0010006671114076052
['subreddit_the_spicy_carl.csv'],0.0005019240421616195
['subreddit_MLS_conspiracy.csv'],0.000502008032128514
['subreddit_pawgresspics.csv'],0.0005020920502092051
['subreddit_tifuconspiracy.csv'],0.0006681142475363287
['subreddit_CISwhitemales.csv'],0.0006682258603407952
['subreddit_newfatpeoplehate.csv'],0.0005020920502092051
['subreddit_whateveryouwant.csv'],0.0005016722408026755
['subreddit_coffeehaters.csv'],0.0005021760964178105
['subreddit_deadpoolhatersclub.csv'],0.001002673796791444
['subreddit_heriotwatt.csv'],0.0005019240421616195
['subreddit_karmatycoon.csv'],0.0011676396997497916
['subreddit_niggerhumor.csv'],0.00016714023065351831
['subreddit_niggerspics.csv'],0.00100150225338007
['subreddit_rud_fuckers.csv'],0.000502008032128514
['subreddit_wowretards.csv'],0.001335559265442404
['subreddit_modernarthate.csv'],0.00066711140760507
['subreddit_2000spics.csv'],0.000667334000667334
['subreddit_buspics.csv'],0.0010003334444814939
['subreddit_spiceeey.csv'],0.0011693952555963916
['subreddit_cunts.csv'],0.0008345852111500584
