,0
runescape,0
teenmfa,0
animalsbeingjerks,0
truetf2,0
skiing,0
nba,0
exittors,0
leagueoflegends,0
movies,0
mapporn,0
wow,0
greenbaypackers,0
asoiaf,0
dayz,0
gaming,0
adviceanimals,0
thisisourmusic,0
beerporn,0
sysadmin,0
twoxchromosomes,0
cigars,0
todayilearned,0
pics,0
technology,0
canadapolitics,0
malefashionadvice,0
electricians,0
smite,0
guns,0
random_acts_of_amazon,0
skyrim,0
pathofexile,0
sidehugs,0
cats,0
airsoft,0
intp,0
funny,0
justrolledintotheshop,0
keto,0
books,0
community,0
losangeles,0
science,0
windowsphone,0
bestof,0
engineeringstudents,0
teenagers,0
ps4,0
nfl,0
fatpeoplestories,0
soccer,0
babybumps,0
art,0
gallifrey,0
battlefield_4,0
hockey,0
lebanon,0
unitedkingdom,0
arrow,0
sports,0
conspiro,0
cellphones,0
tall,0
entrepreneur,0
mlplounge,0
chineselanguage,0
aww,0
fifa,0
cringepics,0
wtf,0
dota2,0
skyrimmods,0
raisedbynarcissists,0
lewronggeneration,0
shinypokemon,0
kerbalspaceprogram,0
ubuntu,0
worldnews,0
circlejerk,0
mentalhealth,0
pokemon,0
music,0
leafs,0
mechanicalkeyboards,0
mildlyinfuriating,0
astronomy,0
vita,0
iama,0
heroesofnewerth,0
taiwan,0
starcitizen_trades,0
videos,0
bigboobproblems,0
phoenix,0
pka,0
dota2trade,0
ford,0
eminem,0
ultrahardcore,0
spiderman,0
gifs,0
libertarian,0
2007scape,0
army,0
cfb,0
roosterteeth,0
metacanada,0
chicago,0
frugal,0
shingekinokyojin,0
rawdenim,0
pcmasterrace,0
erotichypnosis,0
sex,0
browns,0
tf2,0
bostonbruins,0
news,0
mma,0
hiphopheads,0
grandtheftautov,0
montreal,0
rage,0
nascar,0
breakingbad,0
folkpunk,0
breastfeeding,0
orioles,0
hiphopcirclejerk,0
dachshund,0
kpop,0
iosthemes,0
baseball,0
snsd,0
starcraft,0
collegebasketball,0
wicked_edge,0
makeupaddiction,0
askscience,0
actuallesbians,0
secretsanta,0
hcfactions,0
creepypms,0
starbound,0
trees,0
fantasybball,0
jailbreak,0
trollxchromosomes,0
animalcrossing,0
strife,0
futurama,0
meditation,0
buildapc,0
games,0
drunk,0
pcgaming,0
flyers,0
legaladvice,0
television,0
seahawks,0
rateme,0
iasip,0
squaredcircle,0
nygiants,0
musicals,0
propagandaposters,0
liberal,0
offbeat,0
australia,0
dogs,0
steam,0
cringe,0
military,0
politics,0
conspiracy,0
gamedeals,0
mindcrack,0
playrust,0
tumblrinaction,0
argentina,0
tagpro,0
seattle,0
vegan,0
foodporn,0
compsci,0
bitcoin,0
calligraphy,0
litecoin,0
deadbedrooms,0
canes,0
ps3,0
connecticut,0
3ds,0
onepiece,0
skrillex,0
crossfit,0
makinghiphop,0
okcupid,0
beardeddragons,0
newzealand,0
lostgeneration,0
documentaries,0
chicagobulls,0
cowboys,0
opiates,0
subaru,0
hearthstone,0
homebrewing,0
trashy,1
incels,1
progresspics,0
whitesox,0
sjwhate,1
trailerparkboys,0
whitepeoplegifs,0
spicy,0
trashyboners,0
whiteknighting,0
botwatch,1
whitewater,0
trailers,0
tycoon,0
gifsthatendtoosoon,0
isrconspiracyracist,0
mainecoons,0
jackwhite,0
whitebeauty,0
redneckengineering,0
whitecollar,0
trashpandas,0
dolphinconspiracy,0
ketchuphate,0
conspiracyfact,0
fatpeoplehatehate,1
ifuckinghatecats,1
suspiciousquotes,0
shittyconspiracy,0
grandpajoehate,0
ellenpaohate,1
chickenhater,0
thoseconspiracyguys,0
fuckcoontown,0
redneckfixes,0
incelswithouthate,0
sjw_hate,1
farpeoplehate,1
onionhate,0
rykerhate,1
whitewatercirclejerk,0
fnafhate,0
ihatecats,1
nonwhite,1
conspiracytheories,0
whatever2,0
conspiracyhub,0
ihaterconspiracyclub,0
fatsquirrelhate,0
gildedconspiracy,0
modpeoplehate,0
roycewhite,1
conspiracybestof,1
deadpoolhatersclub,0
tipofmytongue,0
pokemontrades,0
52weeksofcooking,0
askreddit,0
conspiracydocumentary,0
advice,0
dogemarket,0
robintracking,0
steamgameswap,0
opiatesrecovery,0
blog,0
casualiama,0
summonerschool,0
playrustservers,0
askmen,0
pokemongiveaway,0
freedonuts,0
politicaldiscussion,0
relationships,0
incelsgonewild,0
whitepeoplefacebook,0
writingprompts,0
svexchange,0
askwomen,0
