,subreddit,jaccard index,label
0,runescape,0.0254452926208651,"=IF(C2>0.14, 1,0)"
1,TeenMFA,0.0403225806451612,"=IF(C3>0.14, 1,0)"
2,AnimalsBeingJerks,0.0364963503649635,"=IF(C4>0.14, 1,0)"
3,AskReddit,0.0,"=IF(C5>0.14, 1,0)"
4,truetf2,0.0137931034482758,"=IF(C6>0.14, 1,0)"
5,skiing,0.0,"=IF(C7>0.14, 1,0)"
6,nba,0.0,"=IF(C8>0.14, 1,0)"
7,Exittors,0.0111856823266219,"=IF(C9>0.14, 1,0)"
8,leagueoflegends,0.0,"=IF(C10>0.14, 1,0)"
9,movies,0.0108932461873638,"=IF(C11>0.14, 1,0)"
10,MapPorn,0.0142857142857142,"=IF(C12>0.14, 1,0)"
11,wow,0.0,"=IF(C13>0.14, 1,0)"
12,promos,0.0,"=IF(C14>0.14, 1,0)"
13,GreenBayPackers,0.0,"=IF(C15>0.14, 1,0)"
14,asoiaf,0.0,"=IF(C16>0.14, 1,0)"
15,dayz,0.0,"=IF(C17>0.14, 1,0)"
16,gaming,0.0139860139860139,"=IF(C18>0.14, 1,0)"
17,AdviceAnimals,0.0112612612612612,"=IF(C19>0.14, 1,0)"
18,ThisIsOurMusic,0.0,"=IF(C20>0.14, 1,0)"
19,beerporn,0.0,"=IF(C21>0.14, 1,0)"
20,sysadmin,0.0,"=IF(C22>0.14, 1,0)"
21,TwoXChromosomes,0.0,"=IF(C23>0.14, 1,0)"
22,cigars,0.0,"=IF(C24>0.14, 1,0)"
23,todayilearned,0.0,"=IF(C25>0.14, 1,0)"
24,pics,0.0,"=IF(C26>0.14, 1,0)"
25,PercyJacksonRP,0.0139860139860139,"=IF(C27>0.14, 1,0)"
26,technology,0.0,"=IF(C28>0.14, 1,0)"
27,friendsafari,0.0182481751824817,"=IF(C29>0.14, 1,0)"
28,CanadaPolitics,0.0113378684807256,"=IF(C30>0.14, 1,0)"
29,malefashionadvice,0.0,"=IF(C31>0.14, 1,0)"
30,SVExchange,0.0,"=IF(C32>0.14, 1,0)"
31,electricians,0.0,"=IF(C33>0.14, 1,0)"
32,Smite,0.0,"=IF(C34>0.14, 1,0)"
33,guns,0.0,"=IF(C35>0.14, 1,0)"
34,Random_Acts_Of_Amazon,0.0,"=IF(C36>0.14, 1,0)"
35,skyrim,0.0183823529411764,"=IF(C37>0.14, 1,0)"
36,pathofexile,0.0144927536231884,"=IF(C38>0.14, 1,0)"
37,Sidehugs,0.0,"=IF(C39>0.14, 1,0)"
38,cats,0.0,"=IF(C40>0.14, 1,0)"
39,airsoft,0.0,"=IF(C41>0.14, 1,0)"
40,INTP,0.0,"=IF(C42>0.14, 1,0)"
41,funny,0.0,"=IF(C43>0.14, 1,0)"
42,Justrolledintotheshop,0.0186567164179104,"=IF(C44>0.14, 1,0)"
43,keto,0.0185185185185185,"=IF(C45>0.14, 1,0)"
44,books,0.0256410256410256,"=IF(C46>0.14, 1,0)"
45,community,0.0,"=IF(C47>0.14, 1,0)"
46,LosAngeles,0.0,"=IF(C48>0.14, 1,0)"
47,science,0.0,"=IF(C49>0.14, 1,0)"
48,windowsphone,0.0,"=IF(C50>0.14, 1,0)"
49,bestof,0.0,"=IF(C51>0.14, 1,0)"
50,EngineeringStudents,0.0,"=IF(C52>0.14, 1,0)"
51,teenagers,0.0,"=IF(C53>0.14, 1,0)"
52,PotterPlayRP,0.0139860139860139,"=IF(C54>0.14, 1,0)"
53,PS4,0.0,"=IF(C55>0.14, 1,0)"
54,nfl,0.0,"=IF(C56>0.14, 1,0)"
55,fatpeoplestories,0.0,"=IF(C57>0.14, 1,0)"
56,soccer,0.0138888888888888,"=IF(C58>0.14, 1,0)"
57,vapeitforward,0.0,"=IF(C59>0.14, 1,0)"
58,BabyBumps,0.0,"=IF(C60>0.14, 1,0)"
59,Art,0.0136986301369863,"=IF(C61>0.14, 1,0)"
60,gallifrey,0.0,"=IF(C62>0.14, 1,0)"
61,Lasseireitei,0.0,"=IF(C63>0.14, 1,0)"
62,battlefield_4,0.0,"=IF(C64>0.14, 1,0)"
63,freedonuts,0.0,"=IF(C65>0.14, 1,0)"
64,hockey,0.0,"=IF(C66>0.14, 1,0)"
65,lebanon,0.0,"=IF(C67>0.14, 1,0)"
66,unitedkingdom,0.0,"=IF(C68>0.14, 1,0)"
67,arrow,0.0,"=IF(C69>0.14, 1,0)"
68,sports,0.0,"=IF(C70>0.14, 1,0)"
69,conspiro,0.0,"=IF(C71>0.14, 1,0)"
70,cellphones,0.0,"=IF(C72>0.14, 1,0)"
71,pokemontrades,0.0,"=IF(C73>0.14, 1,0)"
72,tall,0.0,"=IF(C74>0.14, 1,0)"
73,Entrepreneur,0.0258397932816537,"=IF(C75>0.14, 1,0)"
74,pjrpafterdark,0.0,"=IF(C76>0.14, 1,0)"
75,MLPLounge,0.0,"=IF(C77>0.14, 1,0)"
76,ChineseLanguage,0.0,"=IF(C78>0.14, 1,0)"
77,PoliticalDiscussion,0.0,"=IF(C79>0.14, 1,0)"
78,aww,0.0,"=IF(C80>0.14, 1,0)"
79,FIFA,0.0111111111111111,"=IF(C81>0.14, 1,0)"
80,cringepics,0.0,"=IF(C82>0.14, 1,0)"
81,WTF,0.0,"=IF(C83>0.14, 1,0)"
82,AN_RP,0.0,"=IF(C84>0.14, 1,0)"
83,SteamGameSwap,0.0,"=IF(C85>0.14, 1,0)"
84,DotA2,0.0,"=IF(C86>0.14, 1,0)"
85,skyrimmods,0.0,"=IF(C87>0.14, 1,0)"
86,raisedbynarcissists,0.0112612612612612,"=IF(C88>0.14, 1,0)"
87,lewronggeneration,0.0,"=IF(C89>0.14, 1,0)"
88,ShinyPokemon,0.0,"=IF(C90>0.14, 1,0)"
89,AllThingsGuns,0.0,"=IF(C91>0.14, 1,0)"
90,KerbalSpaceProgram,0.0,"=IF(C92>0.14, 1,0)"
91,Ubuntu,0.0,"=IF(C93>0.14, 1,0)"
92,AskMen,0.0,"=IF(C94>0.14, 1,0)"
93,worldnews,0.0,"=IF(C95>0.14, 1,0)"
94,circlejerk,0.0,"=IF(C96>0.14, 1,0)"
95,mentalhealth,0.0,"=IF(C97>0.14, 1,0)"
96,pokemon,0.0,"=IF(C98>0.14, 1,0)"
97,Music,0.0,"=IF(C99>0.14, 1,0)"
98,leafs,0.0,"=IF(C100>0.14, 1,0)"
99,MechanicalKeyboards,0.0,"=IF(C101>0.14, 1,0)"
100,mildlyinfuriating,0.0256410256410256,"=IF(C102>0.14, 1,0)"
101,Astronomy,0.0,"=IF(C103>0.14, 1,0)"
102,vita,0.0,"=IF(C104>0.14, 1,0)"
103,IAmA,0.0114942528735632,"=IF(C105>0.14, 1,0)"
104,HeroesofNewerth,0.0,"=IF(C106>0.14, 1,0)"
105,taiwan,0.0,"=IF(C107>0.14, 1,0)"
106,Starcitizen_trades,0.0,"=IF(C108>0.14, 1,0)"
107,videos,0.0,"=IF(C109>0.14, 1,0)"
108,userbattleslounge,0.0,"=IF(C110>0.14, 1,0)"
109,bigboobproblems,0.0,"=IF(C111>0.14, 1,0)"
110,phoenix,0.0,"=IF(C112>0.14, 1,0)"
111,RandomActsOfPolish,0.0,"=IF(C113>0.14, 1,0)"
112,PKA,0.0,"=IF(C114>0.14, 1,0)"
113,Pokemongiveaway,0.0,"=IF(C115>0.14, 1,0)"
114,Dota2Trade,0.0,"=IF(C116>0.14, 1,0)"
115,randomsuperpowers,0.0,"=IF(C117>0.14, 1,0)"
116,Ford,0.0,"=IF(C118>0.14, 1,0)"
117,Eminem,0.0,"=IF(C119>0.14, 1,0)"
118,Advice,0.0111856823266219,"=IF(C120>0.14, 1,0)"
119,ultrahardcore,0.0,"=IF(C121>0.14, 1,0)"
120,Spiderman,0.0,"=IF(C122>0.14, 1,0)"
121,gifs,0.0,"=IF(C123>0.14, 1,0)"
122,Libertarian,0.0,"=IF(C124>0.14, 1,0)"
123,2007scape,0.0112612612612612,"=IF(C125>0.14, 1,0)"
124,army,0.0,"=IF(C126>0.14, 1,0)"
125,CFB,0.0,"=IF(C127>0.14, 1,0)"
126,roosterteeth,0.0,"=IF(C128>0.14, 1,0)"
127,WritingPrompts,0.0,"=IF(C129>0.14, 1,0)"
128,metacanada,0.0,"=IF(C130>0.14, 1,0)"
129,chicago,0.0113378684807256,"=IF(C131>0.14, 1,0)"
130,Frugal,0.0,"=IF(C132>0.14, 1,0)"
131,granturismo,0.0,"=IF(C133>0.14, 1,0)"
132,relationships,0.0,"=IF(C134>0.14, 1,0)"
133,dogemarket,0.0,"=IF(C135>0.14, 1,0)"
134,ShingekiNoKyojin,0.0258397932816537,"=IF(C136>0.14, 1,0)"
135,rawdenim,0.0,"=IF(C137>0.14, 1,0)"
136,sharehearthstone,0.0,"=IF(C138>0.14, 1,0)"
137,pcmasterrace,0.0,"=IF(C139>0.14, 1,0)"
138,EroticHypnosis,0.0,"=IF(C140>0.14, 1,0)"
139,OpiatesRecovery,0.0,"=IF(C141>0.14, 1,0)"
140,sex,0.0459770114942528,"=IF(C142>0.14, 1,0)"
141,Browns,0.0,"=IF(C143>0.14, 1,0)"
142,tf2,0.0,"=IF(C144>0.14, 1,0)"
143,BostonBruins,0.0116550116550116,"=IF(C145>0.14, 1,0)"
144,r4rDFW,0.0,"=IF(C146>0.14, 1,0)"
145,news,0.0,"=IF(C147>0.14, 1,0)"
146,MMA,0.0,"=IF(C148>0.14, 1,0)"
147,hiphopheads,0.0,"=IF(C149>0.14, 1,0)"
148,GrandTheftAutoV,0.0,"=IF(C150>0.14, 1,0)"
149,montreal,0.0,"=IF(C151>0.14, 1,0)"
150,rage,0.0137931034482758,"=IF(C152>0.14, 1,0)"
151,NASCAR,0.0,"=IF(C153>0.14, 1,0)"
152,breakingbad,0.0117370892018779,"=IF(C154>0.14, 1,0)"
153,FolkPunk,0.0,"=IF(C155>0.14, 1,0)"
154,breastfeeding,0.0,"=IF(C156>0.14, 1,0)"
155,orioles,0.0,"=IF(C157>0.14, 1,0)"
156,Hiphopcirclejerk,0.0,"=IF(C158>0.14, 1,0)"
157,Dachshund,0.0,"=IF(C159>0.14, 1,0)"
158,kpop,0.0,"=IF(C160>0.14, 1,0)"
159,iOSthemes,0.0,"=IF(C161>0.14, 1,0)"
160,baseball,0.0,"=IF(C162>0.14, 1,0)"
161,SNSD,0.0,"=IF(C163>0.14, 1,0)"
162,starcraft,0.0,"=IF(C164>0.14, 1,0)"
163,CollegeBasketball,0.0,"=IF(C165>0.14, 1,0)"
164,wicked_edge,0.0,"=IF(C166>0.14, 1,0)"
165,MakeupAddiction,0.0,"=IF(C167>0.14, 1,0)"
166,askscience,0.0,"=IF(C168>0.14, 1,0)"
167,actuallesbians,0.0,"=IF(C169>0.14, 1,0)"
168,secretsanta,0.0,"=IF(C170>0.14, 1,0)"
169,ladybonersgw,0.0,"=IF(C171>0.14, 1,0)"
170,hcfactions,0.0,"=IF(C172>0.14, 1,0)"
171,creepyPMs,0.0,"=IF(C173>0.14, 1,0)"
172,starbound,0.0,"=IF(C174>0.14, 1,0)"
173,trees,0.0,"=IF(C175>0.14, 1,0)"
174,fantasybball,0.0,"=IF(C176>0.14, 1,0)"
175,jailbreak,0.0,"=IF(C177>0.14, 1,0)"
176,TrollXChromosomes,0.0,"=IF(C178>0.14, 1,0)"
177,bikinis,0.0,"=IF(C179>0.14, 1,0)"
178,AnimalCrossing,0.0,"=IF(C180>0.14, 1,0)"
179,blog,0.0,"=IF(C181>0.14, 1,0)"
180,strife,0.0111856823266219,"=IF(C182>0.14, 1,0)"
181,futurama,0.0,"=IF(C183>0.14, 1,0)"
182,Meditation,0.0,"=IF(C184>0.14, 1,0)"
183,buildapc,0.0,"=IF(C185>0.14, 1,0)"
184,Games,0.0,"=IF(C186>0.14, 1,0)"
185,drunk,0.0,"=IF(C187>0.14, 1,0)"
186,pcgaming,0.0,"=IF(C188>0.14, 1,0)"
187,Flyers,0.0,"=IF(C189>0.14, 1,0)"
188,legaladvice,0.0,"=IF(C190>0.14, 1,0)"
189,television,0.0,"=IF(C191>0.14, 1,0)"
190,Seahawks,0.0,"=IF(C192>0.14, 1,0)"
191,Rateme,0.0,"=IF(C193>0.14, 1,0)"
192,IASIP,0.0,"=IF(C194>0.14, 1,0)"
193,SquaredCircle,0.0,"=IF(C195>0.14, 1,0)"
194,NYGiants,0.0,"=IF(C196>0.14, 1,0)"
195,musicals,0.0111856823266219,"=IF(C197>0.14, 1,0)"
196,DarkoutGame,0.0,"=IF(C198>0.14, 1,0)"
197,PropagandaPosters,0.0,"=IF(C199>0.14, 1,0)"
198,Liberal,0.0,"=IF(C200>0.14, 1,0)"
199,offbeat,0.0,"=IF(C201>0.14, 1,0)"
200,australia,0.0,"=IF(C202>0.14, 1,0)"
201,dogs,0.0,"=IF(C203>0.14, 1,0)"
202,Steam,0.0,"=IF(C204>0.14, 1,0)"
203,52weeksofcooking,0.0,"=IF(C205>0.14, 1,0)"
204,cringe,0.0,"=IF(C206>0.14, 1,0)"
205,TheRedLion,0.0185185185185185,"=IF(C207>0.14, 1,0)"
206,Military,0.0,"=IF(C208>0.14, 1,0)"
207,politics,0.0,"=IF(C209>0.14, 1,0)"
208,conspiracy,0.0,"=IF(C210>0.14, 1,0)"
209,AskWomen,0.0141843971631205,"=IF(C211>0.14, 1,0)"
210,casualiama,0.0,"=IF(C212>0.14, 1,0)"
211,GameDeals,0.0,"=IF(C213>0.14, 1,0)"
212,mindcrack,0.0,"=IF(C214>0.14, 1,0)"
213,playrust,0.0,"=IF(C215>0.14, 1,0)"
214,TumblrInAction,0.0,"=IF(C216>0.14, 1,0)"
215,argentina,0.0,"=IF(C217>0.14, 1,0)"
216,TagPro,0.0145985401459854,"=IF(C218>0.14, 1,0)"
217,Seattle,0.0,"=IF(C219>0.14, 1,0)"
218,vegan,0.0,"=IF(C220>0.14, 1,0)"
219,FoodPorn,0.0,"=IF(C221>0.14, 1,0)"
220,compsci,0.0,"=IF(C222>0.14, 1,0)"
221,Bitcoin,0.0,"=IF(C223>0.14, 1,0)"
222,Calligraphy,0.0,"=IF(C224>0.14, 1,0)"
223,litecoin,0.0,"=IF(C225>0.14, 1,0)"
224,DeadBedrooms,0.0,"=IF(C226>0.14, 1,0)"
225,canes,0.0,"=IF(C227>0.14, 1,0)"
226,PS3,0.0,"=IF(C228>0.14, 1,0)"
227,SingleDads,0.0,"=IF(C229>0.14, 1,0)"
228,Connecticut,0.0,"=IF(C230>0.14, 1,0)"
229,3DS,0.0,"=IF(C231>0.14, 1,0)"
230,LANL_German,0.0,"=IF(C232>0.14, 1,0)"
231,playrustservers,0.0,"=IF(C233>0.14, 1,0)"
232,OnePiece,0.0,"=IF(C234>0.14, 1,0)"
233,skrillex,0.0,"=IF(C235>0.14, 1,0)"
234,crossfit,0.0,"=IF(C236>0.14, 1,0)"
235,makinghiphop,0.0,"=IF(C237>0.14, 1,0)"
236,OkCupid,0.0182481751824817,"=IF(C238>0.14, 1,0)"
237,BeardedDragons,0.0,"=IF(C239>0.14, 1,0)"
238,newzealand,0.0,"=IF(C240>0.14, 1,0)"
239,lostgeneration,0.0,"=IF(C241>0.14, 1,0)"
240,Documentaries,0.0,"=IF(C242>0.14, 1,0)"
241,chicagobulls,0.0,"=IF(C243>0.14, 1,0)"
242,tipofmytongue,0.0,"=IF(C244>0.14, 1,0)"
243,summonerschool,0.0114942528735632,"=IF(C245>0.14, 1,0)"
244,cowboys,0.0,"=IF(C246>0.14, 1,0)"
245,opiates,0.0,"=IF(C247>0.14, 1,0)"
246,subaru,0.0,"=IF(C248>0.14, 1,0)"
247,hearthstone,0.0,"=IF(C249>0.14, 1,0)"
248,Homebrewing,0.0,"=IF(C250>0.14, 1,0)"
249,GuessTheMovie,0.0,"=IF(C251>0.14, 1,0)"
250,subreddit_conspiracy.csv,0.0283687943262411,"=IF(C252>0.14, 1,0)"
251,subreddit_fatpeoplehate.csv,0.1481481481481481,"=IF(C253>0.14, 1,0)"
252,subreddit_trashy.csv,0.1428571428571428,"=IF(C254>0.14, 1,0)"
253,subreddit_Incels.csv,0.075187969924812,"=IF(C255>0.14, 1,0)"
254,subreddit_progresspics.csv,0.1145038167938931,"=IF(C256>0.14, 1,0)"
255,subreddit_CoonTown.csv,0.018796992481203,"=IF(C257>0.14, 1,0)"
256,subreddit_whitesox.csv,0.088235294117647,"=IF(C258>0.14, 1,0)"
257,subreddit_sjwhate.csv,0.0403225806451612,"=IF(C259>0.14, 1,0)"
258,subreddit_trailerparkboys.csv,0.0260416666666666,"=IF(C260>0.14, 1,0)"
259,subreddit_whitepeoplegifs.csv,0.056338028169014,"=IF(C261>0.14, 1,0)"
260,subreddit_spicy.csv,0.0520833333333333,"=IF(C262>0.14, 1,0)"
261,subreddit_GreatApes.csv,0.1159420289855072,"=IF(C263>0.14, 1,0)"
262,subreddit_trashyboners.csv,0.0403225806451612,"=IF(C264>0.14, 1,0)"
263,subreddit_whiteknighting.csv,0.040650406504065,"=IF(C265>0.14, 1,0)"
264,subreddit_botwatch.csv,0.2314814814814815,"=IF(C266>0.14, 1,0)"
265,subreddit_whitewater.csv,0.1626016260162602,"=IF(C267>0.14, 1,0)"
266,subreddit_mtgmarketwatch.csv,0.1652892561983471,"=IF(C268>0.14, 1,0)"
267,subreddit_trailers.csv,0.081967213114754,"=IF(C269>0.14, 1,0)"
268,subreddit_Ijustwatched.csv,0.045662100456621,"=IF(C270>0.14, 1,0)"
269,subreddit_youreacunt.csv,0.0262467191601049,"=IF(C271>0.14, 1,0)"
270,subreddit_tycoon.csv,0.0289855072463768,"=IF(C272>0.14, 1,0)"
271,subreddit_dykesgonewild.csv,0.0260416666666666,"=IF(C273>0.14, 1,0)"
272,subreddit_gifsthatendtoosoon.csv,0.0869565217391304,"=IF(C274>0.14, 1,0)"
273,subreddit_isrconspiracyracist.csv,0.112781954887218,"=IF(C275>0.14, 1,0)"
274,subreddit_whitecapsfc.csv,0.0,"=IF(C276>0.14, 1,0)"
275,subreddit_robintracking.csv,0.0144927536231884,"=IF(C277>0.14, 1,0)"
276,subreddit_mainecoons.csv,0.040983606557377,"=IF(C278>0.14, 1,0)"
277,subreddit_weightwatchers.csv,0.0,"=IF(C279>0.14, 1,0)"
278,subreddit_smartwatch.csv,0.0403225806451612,"=IF(C280>0.14, 1,0)"
279,subreddit_dykesgonemild.csv,0.040650406504065,"=IF(C281>0.14, 1,0)"
280,subreddit_jackwhite.csv,0.037593984962406,"=IF(C282>0.14, 1,0)"
281,subreddit_taptycoon.csv,0.0851063829787234,"=IF(C283>0.14, 1,0)"
282,subreddit_whitebeauty.csv,0.040983606557377,"=IF(C284>0.14, 1,0)"
283,subreddit_redneckengineering.csv,0.0258397932816537,"=IF(C285>0.14, 1,0)"
284,subreddit_seamusisabiggerfaggot.csv,0.0403225806451612,"=IF(C286>0.14, 1,0)"
285,subreddit_getthewaternigger.csv,0.040983606557377,"=IF(C287>0.14, 1,0)"
286,subreddit_blackchickswhitedicks.csv,0.0258397932816537,"=IF(C288>0.14, 1,0)"
287,subreddit_whitecollar.csv,0.1304347826086956,"=IF(C289>0.14, 1,0)"
288,subreddit_realhate.csv,0.2459016393442622,"=IF(C290>0.14, 1,0)"
289,subreddit_hatetruths.csv,0.0,"=IF(C291>0.14, 1,0)"
290,subreddit_trashpandas.csv,0.0289855072463768,"=IF(C292>0.14, 1,0)"
291,subreddit_truefirstworldretards.csv,0.0367647058823529,"=IF(C293>0.14, 1,0)"
292,subreddit_ihatealramclocks.csv,0.0413223140495867,"=IF(C294>0.14, 1,0)"
293,subreddit_blackmagicfuckery.csv,0.0183823529411764,"=IF(C295>0.14, 1,0)"
294,subreddit_trueautobothate.csv,0.0694444444444444,"=IF(C296>0.14, 1,0)"
295,subreddit_thebayesianconspiracy.csv,0.1119402985074626,"=IF(C297>0.14, 1,0)"
296,subreddit_Mandyke.csv,0.0403225806451612,"=IF(C298>0.14, 1,0)"
297,subreddit_dolphinconspiracy.csv,0.0256410256410256,"=IF(C299>0.14, 1,0)"
298,subreddit_xboxonehate.csv,0.040983606557377,"=IF(C300>0.14, 1,0)"
299,subreddit_hater.csv,0.0287769784172661,"=IF(C301>0.14, 1,0)"
300,subreddit_cuntryballs.csv,0.0378787878787878,"=IF(C302>0.14, 1,0)"
301,subreddit_rocketraccoon.csv,0.0,"=IF(C303>0.14, 1,0)"
302,subreddit_ketchuphate.csv,0.040650406504065,"=IF(C304>0.14, 1,0)"
303,subreddit_IdleOilTycoon.csv,0.0258397932816537,"=IF(C305>0.14, 1,0)"
304,subreddit_conspiracyfact.csv,0.0,"=IF(C306>0.14, 1,0)"
305,subreddit_fatpeoplehatehate.csv,0.0575539568345323,"=IF(C307>0.14, 1,0)"
306,subreddit_ifuckinghatecats.csv,0.1033591731266149,"=IF(C308>0.14, 1,0)"
307,subreddit_dearwhitepeople.csv,0.1652892561983471,"=IF(C309>0.14, 1,0)"
308,subreddit_suspiciousquotes.csv,0.0952380952380952,"=IF(C310>0.14, 1,0)"
309,subreddit_fatpeoplehateGW.csv,0.040650406504065,"=IF(C311>0.14, 1,0)"
310,subreddit_whitepeoplefacebook.csv,0.0186567164179104,"=IF(C312>0.14, 1,0)"
311,subreddit_shittyconspiracy.csv,0.0256410256410256,"=IF(C313>0.14, 1,0)"
312,subreddit_WhateverYouWantPosted.csv,0.1791044776119403,"=IF(C314>0.14, 1,0)"
313,subreddit_pocketwatch.csv,0.112781954887218,"=IF(C315>0.14, 1,0)"
314,subreddit_grandpajoehate.csv,0.0571428571428571,"=IF(C316>0.14, 1,0)"
315,subreddit_smartwatch3.csv,0.040983606557377,"=IF(C317>0.14, 1,0)"
316,subreddit_Ellenpaohate.csv,0.0185185185185185,"=IF(C318>0.14, 1,0)"
317,subreddit_Cherubesque.csv,0.136986301369863,"=IF(C319>0.14, 1,0)"
318,subreddit_ZooTycoon.csv,0.040983606557377,"=IF(C320>0.14, 1,0)"
319,subreddit_chickenhater.csv,0.0413223140495867,"=IF(C321>0.14, 1,0)"
320,subreddit_HWWRaccoons.csv,0.1041666666666666,"=IF(C322>0.14, 1,0)"
321,subreddit_Raccoons.csv,0.1027397260273972,"=IF(C323>0.14, 1,0)"
322,subreddit_badasspics.csv,0.040650406504065,"=IF(C324>0.14, 1,0)"
323,subreddit_thoseconspiracyguys.csv,0.0236406619385342,"=IF(C325>0.14, 1,0)"
324,subreddit_alphaalphatesting.csv,0.0403225806451612,"=IF(C326>0.14, 1,0)"
325,subreddit_spiceworks.csv,0.0403225806451612,"=IF(C327>0.14, 1,0)"
326,subreddit_cuntboyfur.csv,0.040650406504065,"=IF(C328>0.14, 1,0)"
327,subreddit_FuckCoonTown.csv,0.040650406504065,"=IF(C329>0.14, 1,0)"
328,subreddit_redneckfixes.csv,0.040983606557377,"=IF(C330>0.14, 1,0)"
329,subreddit_trashdetective.csv,0.0258397932816537,"=IF(C331>0.14, 1,0)"
330,subreddit_gayassfaggot.csv,0.0287769784172661,"=IF(C332>0.14, 1,0)"
331,subreddit_Coyolecooner23.csv,0.0258397932816537,"=IF(C333>0.14, 1,0)"
332,subreddit_Saltwater.csv,0.0869565217391304,"=IF(C334>0.14, 1,0)"
333,subreddit_fatwhichwehate.csv,0.0806451612903225,"=IF(C335>0.14, 1,0)"
334,subreddit_TubeTycoon.csv,0.040983606557377,"=IF(C336>0.14, 1,0)"
335,subreddit_degresspics.csv,0.0,"=IF(C337>0.14, 1,0)"
336,subreddit_IncelsWithoutHate.csv,0.0,"=IF(C338>0.14, 1,0)"
337,subreddit_sjw_hate.csv,0.1652892561983471,"=IF(C339>0.14, 1,0)"
338,subreddit_EllenPaoandfathate.csv,0.0735294117647058,"=IF(C340>0.14, 1,0)"
339,subreddit_xxprogresspics.csv,0.040650406504065,"=IF(C341>0.14, 1,0)"
340,subreddit_farpeoplehate.csv,0.040650406504065,"=IF(C342>0.14, 1,0)"
341,subreddit_Anti_conspiracy.csv,0.0813008130081301,"=IF(C343>0.14, 1,0)"
342,subreddit_whiteboy60.csv,0.0571428571428571,"=IF(C344>0.14, 1,0)"
343,subreddit_ihatechristmas.csv,0.040650406504065,"=IF(C345>0.14, 1,0)"
344,subreddit_onionhate.csv,0.1025641025641025,"=IF(C346>0.14, 1,0)"
345,subreddit_gametrailers.csv,0.0512820512820512,"=IF(C347>0.14, 1,0)"
346,subreddit_TangerineTycoon.csv,0.0403225806451612,"=IF(C348>0.14, 1,0)"
347,subreddit_CFLconspiracy.csv,0.0403225806451612,"=IF(C349>0.14, 1,0)"
348,subreddit_musichate.csv,0.0680272108843537,"=IF(C350>0.14, 1,0)"
349,subreddit_Grantisretarded.csv,0.040650406504065,"=IF(C351>0.14, 1,0)"
350,subreddit_fatpeoplehate6.csv,0.1102941176470588,"=IF(C352>0.14, 1,0)"
351,subreddit_blackandwhite.csv,0.0396825396825396,"=IF(C353>0.14, 1,0)"
352,subreddit_whitewhale.csv,0.0254452926208651,"=IF(C354>0.14, 1,0)"
353,subreddit_patientwatchers.csv,0.0403225806451612,"=IF(C355>0.14, 1,0)"
354,subreddit_dykesgoneliterate.csv,0.0183823529411764,"=IF(C356>0.14, 1,0)"
355,subreddit_ageprogresspics.csv,0.0479616306954436,"=IF(C357>0.14, 1,0)"
356,subreddit_whitepeople.csv,0.0252525252525252,"=IF(C358>0.14, 1,0)"
357,subreddit_uncensoredwhitenews.csv,0.037037037037037,"=IF(C359>0.14, 1,0)"
358,subreddit_Rykerhate.csv,0.1136363636363636,"=IF(C360>0.14, 1,0)"
359,subreddit_darkconspiracy.csv,0.037037037037037,"=IF(C361>0.14, 1,0)"
360,subreddit_niggerduy.csv,0.2364066193853427,"=IF(C362>0.14, 1,0)"
361,subreddit_whitewatercirclejerk.csv,0.0254452926208651,"=IF(C363>0.14, 1,0)"
362,subreddit_conspiracydocumentary.csv,0.040983606557377,"=IF(C364>0.14, 1,0)"
363,subreddit_fnafhate.csv,0.0186567164179104,"=IF(C365>0.14, 1,0)"
364,subreddit_thebuttonwhiteknights.csv,0.1724137931034483,"=IF(C366>0.14, 1,0)"
365,subreddit_whatever_Girl.csv,0.0287769784172661,"=IF(C367>0.14, 1,0)"
366,subreddit_hospice.csv,0.0757575757575757,"=IF(C368>0.14, 1,0)"
367,subreddit_museumtycoon.csv,0.0512820512820512,"=IF(C369>0.14, 1,0)"
368,subreddit_hate.csv,0.040650406504065,"=IF(C370>0.14, 1,0)"
369,subreddit_TheIncels.csv,0.040983606557377,"=IF(C371>0.14, 1,0)"
370,subreddit_basspics.csv,0.014388489208633,"=IF(C372>0.14, 1,0)"
371,subreddit_IncelsGoneWild.csv,0.0875912408759124,"=IF(C373>0.14, 1,0)"
372,subreddit_raccoongifs.csv,0.0699300699300699,"=IF(C374>0.14, 1,0)"
373,subreddit_whitefolks.csv,0.0694444444444444,"=IF(C375>0.14, 1,0)"
374,subreddit_mylittleconspiracy.csv,0.0364963503649635,"=IF(C376>0.14, 1,0)"
375,subreddit_hatefulcomments.csv,0.1285714285714285,"=IF(C377>0.14, 1,0)"
376,subreddit_ihatecats.csv,0.040983606557377,"=IF(C378>0.14, 1,0)"
377,subreddit_whateverhappenedto.csv,0.040983606557377,"=IF(C379>0.14, 1,0)"
378,subreddit_sonysmartwatch3.csv,0.081967213114754,"=IF(C380>0.14, 1,0)"
379,subreddit_nonwhite.csv,0.074074074074074,"=IF(C381>0.14, 1,0)"
380,subreddit_Shutupredneckman.csv,0.0254452926208651,"=IF(C382>0.14, 1,0)"
381,subreddit_conspiracytheories.csv,0.011574074074074,"=IF(C383>0.14, 1,0)"
382,subreddit_fatpeoplehate30.csv,0.0520833333333333,"=IF(C384>0.14, 1,0)"
383,subreddit_niggervideos.csv,0.1041666666666666,"=IF(C385>0.14, 1,0)"
384,subreddit_nonwhitebimbos.csv,0.040650406504065,"=IF(C386>0.14, 1,0)"
385,subreddit_niggerniggers.csv,0.040650406504065,"=IF(C387>0.14, 1,0)"
386,subreddit_Whatever2.csv,0.0403225806451612,"=IF(C388>0.14, 1,0)"
387,subreddit_puahate.csv,0.0863309352517985,"=IF(C389>0.14, 1,0)"
388,subreddit_conspiracyhub.csv,0.040983606557377,"=IF(C390>0.14, 1,0)"
389,subreddit_whiteass.csv,0.1574803149606299,"=IF(C391>0.14, 1,0)"
390,subreddit_jenniferwhite.csv,0.0260416666666666,"=IF(C392>0.14, 1,0)"
391,subreddit_looking_suspicious.csv,0.0403225806451612,"=IF(C393>0.14, 1,0)"
392,subreddit_cutecunts.csv,0.0258397932816537,"=IF(C394>0.14, 1,0)"
393,subreddit_guyfierihate.csv,0.0181159420289855,"=IF(C395>0.14, 1,0)"
394,subreddit_techieshate.csv,0.1033591731266149,"=IF(C396>0.14, 1,0)"
395,subreddit_donttapthewhitetile.csv,0.0403225806451612,"=IF(C397>0.14, 1,0)"
396,subreddit_talktrash.csv,0.0403225806451612,"=IF(C398>0.14, 1,0)"
397,subreddit_hatethisanime.csv,0.1017811704834605,"=IF(C399>0.14, 1,0)"
398,subreddit_ihaterconspiracyclub.csv,0.0,"=IF(C400>0.14, 1,0)"
399,subreddit_fatsquirrelhate.csv,0.1041666666666666,"=IF(C401>0.14, 1,0)"
400,subreddit_loseit_progresspics.csv,0.0403225806451612,"=IF(C402>0.14, 1,0)"
401,subreddit_applehate.csv,0.0746268656716418,"=IF(C403>0.14, 1,0)"
402,subreddit_FAT32peoplehate.csv,0.040650406504065,"=IF(C404>0.14, 1,0)"
403,subreddit_cheerhate.csv,0.0140845070422535,"=IF(C405>0.14, 1,0)"
404,subreddit_MadGamesTycoon.csv,0.040983606557377,"=IF(C406>0.14, 1,0)"
405,subreddit_mediocrepeoplehate.csv,0.0869565217391304,"=IF(C407>0.14, 1,0)"
406,subreddit_blackandwhite2.csv,0.1550387596899224,"=IF(C408>0.14, 1,0)"
407,subreddit_fatwomenhate.csv,0.1408450704225352,"=IF(C409>0.14, 1,0)"
408,subreddit_GameDevTycoon.csv,0.1294964028776978,"=IF(C410>0.14, 1,0)"
409,subreddit_ciswhiteprivilege.csv,0.0260416666666666,"=IF(C411>0.14, 1,0)"
410,subreddit_ConspicuousBrands.csv,0.0139860139860139,"=IF(C412>0.14, 1,0)"
411,subreddit_hemanwomanhaters.csv,0.0186567164179104,"=IF(C413>0.14, 1,0)"
412,subreddit_Fatraccoonhate.csv,0.0,"=IF(C414>0.14, 1,0)"
413,subreddit_whitetigernorth.csv,0.0671140939597315,"=IF(C415>0.14, 1,0)"
414,subreddit_trashcanned.csv,0.0258397932816537,"=IF(C416>0.14, 1,0)"
415,subreddit_fatsteeplehate.csv,0.0258397932816537,"=IF(C417>0.14, 1,0)"
416,subreddit_thinpeoplehate2.csv,0.1839080459770115,"=IF(C418>0.14, 1,0)"
417,subreddit_dyke.csv,0.0142857142857142,"=IF(C419>0.14, 1,0)"
418,subreddit_trashcansinatras.csv,0.081967213114754,"=IF(C420>0.14, 1,0)"
419,subreddit_AtwaterVillage.csv,0.0466200466200466,"=IF(C421>0.14, 1,0)"
420,subreddit_fatpeoplehateveggies.csv,0.040650406504065,"=IF(C422>0.14, 1,0)"
421,subreddit_SumbitWhateverYouWant.csv,0.1777777777777777,"=IF(C423>0.14, 1,0)"
422,subreddit_dirjjpeoplehate.csv,0.0952380952380952,"=IF(C424>0.14, 1,0)"
423,subreddit_gildedconspiracy.csv,0.04,"=IF(C425>0.14, 1,0)"
424,subreddit_hxh_hate.csv,0.040650406504065,"=IF(C426>0.14, 1,0)"
425,subreddit_modpeoplehate.csv,0.0186567164179104,"=IF(C427>0.14, 1,0)"
426,subreddit_ihate.csv,0.0189393939393939,"=IF(C428>0.14, 1,0)"
427,subreddit_jugglerisatwat.csv,0.040983606557377,"=IF(C429>0.14, 1,0)"
428,subreddit_baldpplarewalterwhite.csv,0.04,"=IF(C430>0.14, 1,0)"
429,subreddit_whitepeoplecode.csv,0.1626016260162602,"=IF(C431>0.14, 1,0)"
430,subreddit_Fatpeoplehate42069.csv,0.0403225806451612,"=IF(C432>0.14, 1,0)"
431,subreddit_fatpeoplehate2.csv,0.040983606557377,"=IF(C433>0.14, 1,0)"
432,subreddit_spicymango.csv,0.018796992481203,"=IF(C434>0.14, 1,0)"
433,subreddit_trashyladyboners.csv,0.169172932330827,"=IF(C435>0.14, 1,0)"
434,subreddit_carsfilledwithtrash.csv,0.0444444444444444,"=IF(C436>0.14, 1,0)"
435,subreddit_cringecringepicspics.csv,0.0575539568345323,"=IF(C437>0.14, 1,0)"
436,subreddit_malepeoplehate.csv,0.0,"=IF(C438>0.14, 1,0)"
437,subreddit_foodfuckers.csv,0.0583941605839416,"=IF(C439>0.14, 1,0)"
438,subreddit_spicy_melons.csv,0.0186567164179104,"=IF(C440>0.14, 1,0)"
439,subreddit_spambotwatch.csv,0.1102941176470588,"=IF(C441>0.14, 1,0)"
440,subreddit_gayretard.csv,0.0142857142857142,"=IF(C442>0.14, 1,0)"
441,subreddit_whitepeoplecomments.csv,0.0119904076738609,"=IF(C443>0.14, 1,0)"
442,subreddit_pscuntboys.csv,0.0403225806451612,"=IF(C444>0.14, 1,0)"
443,subreddit_askadyke.csv,0.1027397260273972,"=IF(C445>0.14, 1,0)"
444,subreddit_spice_merchants.csv,0.040650406504065,"=IF(C446>0.14, 1,0)"
445,subreddit_whitebeltbjj.csv,0.0746268656716418,"=IF(C447>0.14, 1,0)"
446,subreddit_trashymemes.csv,0.0709219858156028,"=IF(C448>0.14, 1,0)"
447,subreddit_gifsthatendtoobus.csv,0.0746268656716418,"=IF(C449>0.14, 1,0)"
448,subreddit_storiesbyfaggots.csv,0.0,"=IF(C450>0.14, 1,0)"
449,subreddit_gotrpconspiracy.csv,0.0403225806451612,"=IF(C451>0.14, 1,0)"
450,subreddit_PPRPconspiracy.csv,0.0,"=IF(C452>0.14, 1,0)"
451,subreddit_fifahate.csv,0.040983606557377,"=IF(C453>0.14, 1,0)"
452,subreddit_Teenswhoarentretarded.csv,0.1119402985074626,"=IF(C454>0.14, 1,0)"
453,subreddit_teamspeakfaggotry.csv,0.1739130434782608,"=IF(C455>0.14, 1,0)"
454,subreddit_thinpeoplehate.csv,0.1304347826086956,"=IF(C456>0.14, 1,0)"
455,subreddit_fat_niggers.csv,0.0114155251141552,"=IF(C457>0.14, 1,0)"
456,subreddit_gifsthatendtoolate.csv,0.040983606557377,"=IF(C458>0.14, 1,0)"
457,subreddit_Suspicious0bservers.csv,0.0260416666666666,"=IF(C459>0.14, 1,0)"
458,subreddit_roycewhite.csv,0.371900826446281,"=IF(C460>0.14, 1,0)"
459,subreddit_rubegoldberghacathon.csv,0.040983606557377,"=IF(C461>0.14, 1,0)"
460,subreddit_shittyfatpeoplehate.csv,0.0381679389312977,"=IF(C462>0.14, 1,0)"
461,subreddit_trash.csv,0.0258397932816537,"=IF(C463>0.14, 1,0)"
462,subreddit_gifsthatendwaytoosoon.csv,0.0413223140495867,"=IF(C464>0.14, 1,0)"
463,subreddit_proof_niggers_suck.csv,0.0,"=IF(C465>0.14, 1,0)"
464,subreddit_fatpeoplehate8428.csv,0.0520833333333333,"=IF(C466>0.14, 1,0)"
465,subreddit_firstworldfaggots.csv,0.1136363636363636,"=IF(C467>0.14, 1,0)"
466,subreddit_Swiftmangahaters.csv,0.040650406504065,"=IF(C468>0.14, 1,0)"
467,subreddit_antiwhitereddit.csv,0.0520833333333333,"=IF(C469>0.14, 1,0)"
468,subreddit_conspiracybestof.csv,0.0512820512820512,"=IF(C470>0.14, 1,0)"
469,subreddit_fatpeoplehate404.csv,0.040983606557377,"=IF(C471>0.14, 1,0)"
470,subreddit_maymayconspiracy.csv,0.1418439716312056,"=IF(C472>0.14, 1,0)"
471,subreddit_dairywhitecup.csv,0.2898550724637681,"=IF(C473>0.14, 1,0)"
472,subreddit_fatwsgyhate.csv,0.0228310502283105,"=IF(C474>0.14, 1,0)"
473,subreddit_the_spicy_carl.csv,0.0403225806451612,"=IF(C475>0.14, 1,0)"
474,subreddit_MLS_conspiracy.csv,0.040650406504065,"=IF(C476>0.14, 1,0)"
475,subreddit_pawgresspics.csv,0.040983606557377,"=IF(C477>0.14, 1,0)"
476,subreddit_tifuconspiracy.csv,0.1119402985074626,"=IF(C478>0.14, 1,0)"
477,subreddit_CISwhitemales.csv,0.150375939849624,"=IF(C479>0.14, 1,0)"
478,subreddit_newfatpeoplehate.csv,0.081967213114754,"=IF(C480>0.14, 1,0)"
479,subreddit_whateveryouwant.csv,0.0524934383202099,"=IF(C481>0.14, 1,0)"
480,subreddit_coffeehaters.csv,0.0826446280991735,"=IF(C482>0.14, 1,0)"
481,subreddit_deadpoolhatersclub.csv,0.0373134328358209,"=IF(C483>0.14, 1,0)"
482,subreddit_heriotwatt.csv,0.0403225806451612,"=IF(C484>0.14, 1,0)"
483,subreddit_karmatycoon.csv,0.0919540229885057,"=IF(C485>0.14, 1,0)"
484,subreddit_niggerhumor.csv,0.0520833333333333,"=IF(C486>0.14, 1,0)"
485,subreddit_niggerspics.csv,0.0571428571428571,"=IF(C487>0.14, 1,0)"
486,subreddit_rud_fuckers.csv,0.040650406504065,"=IF(C488>0.14, 1,0)"
487,subreddit_wowretards.csv,0.028169014084507,"=IF(C489>0.14, 1,0)"
488,subreddit_modernarthate.csv,0.0932400932400932,"=IF(C490>0.14, 1,0)"
489,subreddit_2000spics.csv,0.028169014084507,"=IF(C491>0.14, 1,0)"
490,subreddit_buspics.csv,0.0680272108843537,"=IF(C492>0.14, 1,0)"
491,subreddit_spiceeey.csv,0.0735294117647058,"=IF(C493>0.14, 1,0)"
492,subreddit_cunts.csv,0.1304347826086956,"=IF(C494>0.14, 1,0)"
493,fatpeoplehate,0.1739130434782608,"=IF(C495>0.14, 1,0)"
494,HamPlanetHatred,0.1751824817518248,"=IF(C496>0.14, 1,0)"
495,GreatApes,0.2439024390243902,"=IF(C497>0.14, 1,0)"
496,NeoFAG,0.0813008130081301,"=IF(C498>0.14, 1,0)"
497,CoonTown,0.6201550387596899,"=IF(C499>0.14, 1,0)"
498,Trans_fags,0.46875,"=IF(C500>0.14, 1,0)"
499,FatPersonsHate,0.6060606060606061,"=IF(C501>0.14, 1,0)"
500,Incels,0.2205882352941177,"=IF(C502>0.14, 1,0)"