['runescape'],0.007984031936127744
['TeenMFA'],0.0019973368841544607
['AnimalsBeingJerks'],0.008307027745472671
['AskReddit'],0.011612475116124751
['truetf2'],0.011618257261410789
['skiing'],0.000999000999000999
['nba'],0.010941644562334218
['Exittors'],0.014598540145985401
['leagueoflegends'],0.000998834692858332
['movies'],0.010442565887618101
['MapPorn'],0.012790697674418604
['wow'],0.0009986684420772304
['promos'],0.002494180246092451
['GreenBayPackers'],0.005822658459490933
['asoiaf'],0.0074602122015915125
['dayz'],0.0033305578684429643
['gaming'],0.006637902422834385
['AdviceAnimals'],0.005969159343392472
['ThisIsOurMusic'],0.00466278101582015
['beerporn'],0.015086206896551723
['sysadmin'],0.02092675635276532
['TwoXChromosomes'],0.0014980026631158457
['cigars'],0.006642311524410495
['todayilearned'],0.00829737802854298
['pics'],0.004655803126039242
['PercyJacksonRP'],0.009128630705394191
['technology'],0.004659677150940256
['friendsafari'],0.01396044540468672
['CanadaPolitics'],0.022406639004149378
['malefashionadvice'],0.0024975024975024975
['SVExchange'],0.002492522432701894
['electricians'],0.008301510874979247
['Smite'],0.002491280518186348
['guns'],0.005324459234608985
['Random_Acts_Of_Amazon'],0.0053085600530856005
['skyrim'],0.01163563829787234
['pathofexile'],0.009966777408637873
['Sidehugs'],0.002994510064881051
['cats'],0.015101228011948223
['airsoft'],0.0009983361064891847
['INTP'],0.005318264916071132
['funny'],0.019913707268503153
['Justrolledintotheshop'],0.013967409378117725
['keto'],0.010970744680851062
['books'],0.00582168995342648
['community'],0.005984042553191489
['LosAngeles'],0.0009983361064891847
['science'],0.005828476269775187
['windowsphone'],0.013953488372093023
['bestof'],0.002994011976047904
['EngineeringStudents'],0.0029915240152900116
['teenagers'],0.003489531405782652
['PotterPlayRP'],0.018598472268349386
['PS4'],0.015941547658585187
['nfl'],0.009946949602122016
['fatpeoplestories'],0.010967098703888335
['soccer'],0.007467640225688682
['vapeitforward'],0.007481296758104738
['BabyBumps'],0.003996003996003996
['Art'],0.011616329239960171
['gallifrey'],0.013948854201262038
['Lasseireitei'],0.009973404255319148
['battlefield_4'],0.005317381189764041
['freedonuts'],0.001997669385716664
['hockey'],0.013941908713692948
['lebanon'],0.002498334443704197
['unitedkingdom'],0.000998834692858332
['arrow'],0.008979048885932824
['sports'],0.02824858757062147
['conspiro'],0.002994510064881051
['cellphones'],0.001998001998001998
['pokemontrades'],0.008305647840531562
['tall'],0.009133178346064431
['Entrepreneur'],0.006654466810846781
['pjrpafterdark'],0.0024979184013322227
['MLPLounge'],0.00333000333000333
['ChineseLanguage'],0.001997669385716664
['PoliticalDiscussion'],0.004995004995004995
['aww'],0.01079734219269103
['FIFA'],0.015091210613598673
['cringepics'],0.005310321938267508
['WTF'],0.001332001332001332
['AN_RP'],0.012946058091286307
['SteamGameSwap'],0.00249708673214583
['DotA2'],0.00997506234413965
['skyrimmods'],0.002494595044071179
['raisedbynarcissists'],0.023896448722203784
['lewronggeneration'],0.005318264916071132
['ShinyPokemon'],0.007467640225688682
['AllThingsGuns'],0.0066555740432612314
['KerbalSpaceProgram'],0.002994011976047904
['Ubuntu'],0.009961813049975095
['AskMen'],0.004657351962741184
['worldnews'],0.008974572045870035
['circlejerk'],0.011639507815098104
['mentalhealth'],0.019903798308177144
['pokemon'],0.003992680086508068
['Music'],0.003996003996003996
['leafs'],0.011964107676969092
['MechanicalKeyboards'],0.015096217650962175
['mildlyinfuriating'],0.007985360173016137
['Astronomy'],0.005822658459490933
['vita'],0.00332944897619444
['IAmA'],0.022576361221779546
['HeroesofNewerth'],0.004992511233150275
['taiwan'],0.005324459234608985
['Starcitizen_trades'],0.011631771352608839
['videos'],0.007480053191489362
['userbattleslounge'],0.0024975024975024975
['bigboobproblems'],0.003992680086508068
['phoenix'],0.010976218193913187
['RandomActsOfPolish'],0.001998001998001998
['PKA'],0.00333000333000333
['Pokemongiveaway'],0.024888003982080638
['Dota2Trade'],0.006640106241699867
['randomsuperpowers'],0.00399800099950025
['Ford'],0.006643414715163594
['Eminem'],0.011633704503905601
['Advice'],0.031530036508463324
['ultrahardcore'],0.0013300083125519534
['Spiderman'],0.004652708541043536
['gifs'],0.005823627287853577
['Libertarian'],0.01625746516257465
['2007scape'],0.0139349701393497
['army'],0.003996003996003996
['CFB'],0.005822658459490933
['roosterteeth'],0.005813953488372093
['WritingPrompts'],0.001332001332001332
['metacanada'],0.0039966694421315575
['chicago'],0.013937282229965157
['Frugal'],0.005323573448677425
['granturismo'],0.003993344425956739
['relationships'],0.0024979184013322227
['dogemarket'],0.01096163428001993
['ShingekiNoKyojin'],0.004657351962741184
['rawdenim'],0.02092675635276532
['sharehearthstone'],0.01294390972452705
['pcmasterrace'],0.005822658459490933
['EroticHypnosis'],0.006647831145088915
['OpiatesRecovery'],0.001998001998001998
['sex'],0.021244813278008298
['Browns'],0.004995836802664446
['tf2'],0.00665335994677312
['BostonBruins'],0.018598472268349386
['r4rDFW'],0.008308408109006314
['news'],0.00831255195344971
['MMA'],0.013937282229965157
['hiphopheads'],0.004658126767592747
['GrandTheftAutoV'],0.008305647840531562
['montreal'],0.0024975024975024975
['rage'],0.012780082987551868
['NASCAR'],0.010974393082806785
['breakingbad'],0.019930244145490782
['FolkPunk'],0.013932658815724003
['breastfeeding'],0.00831255195344971
['orioles'],0.001998001998001998
['Hiphopcirclejerk'],0.00465348180156224
['Dachshund'],0.010972568578553615
['kpop'],0.009966777408637873
['iOSthemes'],0.005822658459490933
['baseball'],0.008986520219670495
['SNSD'],0.015111258718033876
['starcraft'],0.00249708673214583
['CollegeBasketball'],0.00333000333000333
['wicked_edge'],0.008307027745472671
['MakeupAddiction'],0.011612475116124753
['askscience'],0.010957994354972606
['actuallesbians'],0.0019973368841544607
['secretsanta'],0.005324459234608985
['ladybonersgw'],0.00665889795238888
['hcfactions'],0.008308408109006314
['creepyPMs'],0.006973269134982567
['starbound'],0.005822658459490933
['trees'],0.008301510874979247
['fantasybball'],0.0024975024975024975
['jailbreak'],0.001997669385716664
['TrollXChromosomes'],0.0024975024975024975
['bikinis'],0.00333000333000333
['AnimalCrossing'],0.005827505827505828
['blog'],0.013928038467915769
['strife'],0.016254768618344666
['futurama'],0.0006655574043261231
['Meditation'],0.013946538269965133
['buildapc'],0.00997506234413965
['Games'],0.005984042553191489
['drunk'],0.012935323383084577
['pcgaming'],0.005822658459490933
['Flyers'],0.01945137157107232
['legaladvice'],0.005324459234608985
['television'],0.011624045167718366
['Seahawks'],0.0033305578684429643
['Rateme'],0.003996003996003996
['IASIP'],0.001998001998001998
['SquaredCircle'],0.006657789613848202
['NYGiants'],0.004995004995004995
['musicals'],0.0159256801592568
['DarkoutGame'],0.001998001998001998
['PropagandaPosters'],0.003985386914646297
['Liberal'],0.0009986684420772304
['offbeat'],0.001332001332001332
['australia'],0.008968609865470852
['dogs'],0.010799136069114472
['Steam'],0.007490013315579228
['52weeksofcooking'],0.0024979184013322227
['cringe'],0.001998001998001998
['TheRedLion'],0.004652708541043536
['Military'],0.004658126767592747
['politics'],0.0066555740432612314
['conspiracy'],0.003987373317826882
['AskWomen'],0.01727574750830565
['casualiama'],0.008313934153641504
['GameDeals'],0.0033305578684429643
['mindcrack'],0.016265560165975104
['playrust'],0.006650041562759767
['TumblrInAction'],0.01095072175211548
['argentina'],0.004657351962741184
['TagPro'],0.01512381585507728
['Seattle'],0.008302889405513119
['vegan'],0.0053226879574184965
['FoodPorn'],0.007974746635653764
['compsci'],0.018589211618257263
['Bitcoin'],0.013953488372093023
['Calligraphy'],0.012803458596607914
['litecoin'],0.005829447035309794
['DeadBedrooms'],0.0033311125916055963
['canes'],0.00249708673214583
['PS3'],0.009137730520019937
['SingleDads'],0.009137730520019937
['Connecticut'],0.013953488372093023
['3DS'],0.003996003996003996
['LANL_German'],0.00465348180156224
['playrustservers'],0.013958125623130608
['OnePiece'],0.005983048030580023
['skrillex'],0.006648936170212766
['crossfit'],0.01094708906949743
['makinghiphop'],0.004658126767592747
['OkCupid'],0.012797074954296161
['BeardedDragons'],0.007985360173016137
['newzealand'],0.00581781914893617
['lostgeneration'],0.004489524442966412
['Documentaries'],0.001997669385716664
['chicagobulls'],0.004656577415599534
['tipofmytongue'],0.007480053191489362
['summonerschool'],0.017264276228419653
['cowboys'],0.008302889405513119
['opiates'],0.006648936170212766
['subaru'],0.0033305578684429643
['hearthstone'],0.009976720984369804
['Homebrewing'],0.00333000333000333
['GuessTheMovie'],0.014945200929923613
['subreddit_conspiracy.csv'],0.007471359787481322
['subreddit_fatpeoplehate.csv'],0.004651935537464695
['subreddit_trashy.csv'],0.0019913707268503153
['subreddit_Incels.csv'],0.00465348180156224
['subreddit_progresspics.csv'],0.0029920212765957447
['subreddit_CoonTown.csv'],0.004654255319148936
['subreddit_whitesox.csv'],0.010967098703888335
['subreddit_sjwhate.csv'],0.000998502246630055
['subreddit_trailerparkboys.csv'],0.00249500998003992
['subreddit_whitepeoplegifs.csv'],0.007468879668049792
['subreddit_spicy.csv'],0.003992680086508068
['subreddit_GreatApes.csv'],0.005978080371969446
['subreddit_trashyboners.csv'],0.0019973368841544607
['subreddit_whiteknighting.csv'],0.0009986684420772304
['subreddit_botwatch.csv'],0.019913707268503153
['subreddit_whitewater.csv'],0.00332944897619444
['subreddit_mtgmarketwatch.csv'],0.000998834692858332
['subreddit_trailers.csv'],0.00033288948069241014
['subreddit_Ijustwatched.csv'],0.009122574224581192
['subreddit_youreacunt.csv'],0.003993344425956739
['subreddit_tycoon.csv'],0.017284360977231177
['subreddit_dykesgonewild.csv'],0.0013304506901712955
['subreddit_gifsthatendtoosoon.csv'],0.01511879049676026
['subreddit_isrconspiracyracist.csv'],0.005318264916071132
['subreddit_whitecapsfc.csv'],0.0029905299883701613
['subreddit_robintracking.csv'],0.008305647840531562
['subreddit_mainecoons.csv'],0.00033288948069241014
['subreddit_weightwatchers.csv'],0.000998834692858332
['subreddit_smartwatch.csv'],0.004995004995004995
['subreddit_dykesgonemild.csv'],0.0009986684420772304
['subreddit_jackwhite.csv'],0.004654255319148936
['subreddit_taptycoon.csv'],0.012786449684490202
['subreddit_whitebeauty.csv'],0.00033288948069241014
['subreddit_redneckengineering.csv'],0.003992015968063872
['subreddit_seamusisabiggerfaggot.csv'],0.0019973368841544607
['subreddit_getthewaternigger.csv'],0.000998834692858332
['subreddit_blackchickswhitedicks.csv'],0.0013302294645826404
['subreddit_whitecollar.csv'],0.012790697674418604
['subreddit_realhate.csv'],0.001997669385716664
['subreddit_hatetruths.csv'],0.0019973368841544607
['subreddit_trashpandas.csv'],0.005314731772130875
['subreddit_truefirstworldretards.csv'],0.0029900332225913616
['subreddit_ihatealramclocks.csv'],0.000332944897619444
['subreddit_blackmagicfuckery.csv'],0.008974572045870035
['subreddit_trueautobothate.csv'],0.018592297476759626
['subreddit_thebayesianconspiracy.csv'],0.0029905299883701613
['subreddit_Mandyke.csv'],0.0019973368841544607
['subreddit_dolphinconspiracy.csv'],0.002494180246092451
['subreddit_xboxonehate.csv'],0.001331779590477776
['subreddit_hater.csv'],0.004482815872488792
['subreddit_cuntryballs.csv'],0.004655029093931837
['subreddit_rocketraccoon.csv'],0.00033288948069241014
['subreddit_ketchuphate.csv'],0.00333000333000333
['subreddit_IdleOilTycoon.csv'],0.003992015968063872
['subreddit_conspiracyfact.csv'],0.004996668887408394
['subreddit_fatpeoplehatehate.csv'],0.009133178346064431
['subreddit_ifuckinghatecats.csv'],0.00665335994677312
['subreddit_dearwhitepeople.csv'],0.001998001998001998
['subreddit_suspiciousquotes.csv'],0.016276366052150805
['subreddit_fatpeoplehateGW.csv'],0.0003328340822100183
['subreddit_whitepeoplefacebook.csv'],0.002991026919242273
['subreddit_shittyconspiracy.csv'],0.002494180246092451
['subreddit_WhateverYouWantPosted.csv'],0.010968921389396709
['subreddit_pocketwatch.csv'],0.00465348180156224
['subreddit_grandpajoehate.csv'],0.01278857332668992
['subreddit_smartwatch3.csv'],0.000998834692858332
['subreddit_Ellenpaohate.csv'],0.011637572734829592
['subreddit_Cherubesque.csv'],0.023896448722203784
['subreddit_ZooTycoon.csv'],0.001998001998001998
['subreddit_chickenhater.csv'],0.000332944897619444
['subreddit_HWWRaccoons.csv'],0.003992015968063872
['subreddit_Raccoons.csv'],0.018583042973286876
['subreddit_badasspics.csv'],0.0009986684420772304
['subreddit_thoseconspiracyguys.csv'],0.0066401062416998665
['subreddit_alphaalphatesting.csv'],0.000998502246630055
['subreddit_spiceworks.csv'],0.000998502246630055
['subreddit_cuntboyfur.csv'],0.00333000333000333
['subreddit_FuckCoonTown.csv'],0.0009986684420772304
['subreddit_redneckfixes.csv'],0.000998834692858332
['subreddit_trashdetective.csv'],0.005822658459490933
['subreddit_gayassfaggot.csv'],0.009966777408637873
['subreddit_Coyolecooner23.csv'],0.008985024958402662
['subreddit_Saltwater.csv'],0.008304268393954492
['subreddit_fatwhichwehate.csv'],0.0019973368841544607
['subreddit_TubeTycoon.csv'],0.000998834692858332
['subreddit_degresspics.csv'],0.000998502246630055
['subreddit_IncelsWithoutHate.csv'],0.000999000999000999
['subreddit_sjw_hate.csv'],0.001998001998001998
['subreddit_EllenPaoandfathate.csv'],0.004651162790697674
['subreddit_xxprogresspics.csv'],0.0009986684420772304
['subreddit_farpeoplehate.csv'],0.0003328340822100183
['subreddit_Anti_conspiracy.csv'],0.001997669385716664
['subreddit_whiteboy60.csv'],0.0034854771784232365
['subreddit_ihatechristmas.csv'],0.0009986684420772304
['subreddit_onionhate.csv'],0.005820721769499418
['subreddit_gametrailers.csv'],0.002494180246092451
['subreddit_TangerineTycoon.csv'],0.000998502246630055
['subreddit_CFLconspiracy.csv'],0.000998502246630055
['subreddit_musichate.csv'],0.0139349701393497
['subreddit_Grantisretarded.csv'],0.001997669385716664
['subreddit_fatpeoplehate6.csv'],0.007476324970925404
['subreddit_blackandwhite.csv'],0.003328340822100183
['subreddit_whitewhale.csv'],0.005820721769499418
['subreddit_patientwatchers.csv'],0.0019973368841544607
['subreddit_dykesgoneliterate.csv'],0.006646726487205052
['subreddit_ageprogresspics.csv'],0.012954658694569007
['subreddit_whitepeople.csv'],0.00399002493765586
['subreddit_uncensoredwhitenews.csv'],0.004652708541043536
['subreddit_Rykerhate.csv'],0.008979048885932824
['subreddit_darkconspiracy.csv'],0.004652708541043536
['subreddit_niggerduy.csv'],0.015938900879960152
['subreddit_whitewatercirclejerk.csv'],0.0013297872340425532
['subreddit_conspiracydocumentary.csv'],0.000998834692858332
['subreddit_fnafhate.csv'],0.00465348180156224
['subreddit_thebuttonwhiteknights.csv'],0.00829324929507381
['subreddit_whatever_Girl.csv'],0.01096345514950166
['subreddit_hospice.csv'],0.007481296758104738
['subreddit_museumtycoon.csv'],0.002494180246092451
['subreddit_hate.csv'],0.001997669385716664
['subreddit_TheIncels.csv'],0.000998834692858332
['subreddit_basspics.csv'],0.013955806612394086
['subreddit_IncelsGoneWild.csv'],0.009968433294567204
['subreddit_raccoongifs.csv'],0.013944223107569723
['subreddit_whitefolks.csv'],0.017427385892116183
['subreddit_mylittleconspiracy.csv'],0.006645622196378136
['subreddit_hatefulcomments.csv'],0.017272878259425344
['subreddit_ihatecats.csv'],0.000998834692858332
['subreddit_whateverhappenedto.csv'],0.000998834692858332
['subreddit_sonysmartwatch3.csv'],0.000998834692858332
['subreddit_nonwhite.csv'],0.004651935537464695
['subreddit_Shutupredneckman.csv'],0.0039906883937479215
['subreddit_conspiracytheories.csv'],0.00829737802854298
['subreddit_fatpeoplehate30.csv'],0.00249500998003992
['subreddit_niggervideos.csv'],0.005822658459490933
['subreddit_nonwhitebimbos.csv'],0.0003328340822100183
['subreddit_niggerniggers.csv'],0.0009986684420772304
['subreddit_Whatever2.csv'],0.000998502246630055
['subreddit_puahate.csv'],0.009965122072745391
['subreddit_conspiracyhub.csv'],0.0033305578684429643
['subreddit_whiteass.csv'],0.00249500998003992
['subreddit_jenniferwhite.csv'],0.00249500998003992
['subreddit_looking_suspicious.csv'],0.000998502246630055
['subreddit_cutecunts.csv'],0.0013302294645826404
['subreddit_guyfierihate.csv'],0.008971589965110483
['subreddit_techieshate.csv'],0.0039913520705138865
['subreddit_donttapthewhitetile.csv'],0.0019973368841544607
['subreddit_talktrash.csv'],0.0019973368841544607
['subreddit_hatethisanime.csv'],0.008980542158656245
['subreddit_ihaterconspiracyclub.csv'],0.0009986684420772304
['subreddit_fatsquirrelhate.csv'],0.02091633466135458
['subreddit_loseit_progresspics.csv'],0.000998502246630055
['subreddit_applehate.csv'],0.0029905299883701613
['subreddit_FAT32peoplehate.csv'],0.001997669385716664
['subreddit_cheerhate.csv'],0.008300132802124834
['subreddit_MadGamesTycoon.csv'],0.000998834692858332
['subreddit_mediocrepeoplehate.csv'],0.007473841554559044
['subreddit_blackandwhite2.csv'],0.0039913520705138865
['subreddit_fatwomenhate.csv'],0.01726714261995683
['subreddit_GameDevTycoon.csv'],0.02326354270521768
['subreddit_ciswhiteprivilege.csv'],0.003992680086508068
['subreddit_ConspicuousBrands.csv'],0.0099601593625498
['subreddit_hemanwomanhaters.csv'],0.008977556109725685
['subreddit_Fatraccoonhate.csv'],0.001997669385716664
['subreddit_whitetigernorth.csv'],0.008289124668435014
['subreddit_trashcanned.csv'],0.002494595044071179
['subreddit_fatsteeplehate.csv'],0.003992015968063872
['subreddit_thinpeoplehate2.csv'],0.015096217650962175
['subreddit_dyke.csv'],0.009133178346064431
['subreddit_trashcansinatras.csv'],0.001998001998001998
['subreddit_AtwaterVillage.csv'],0.016268260292164674
['subreddit_fatpeoplehateveggies.csv'],0.001997669385716664
['subreddit_SumbitWhateverYouWant.csv'],0.007476324970925404
['subreddit_dirjjpeoplehate.csv'],0.003983402489626556
['subreddit_gildedconspiracy.csv'],0.00199700449326011
['subreddit_hxh_hate.csv'],0.0003328340822100183
['subreddit_modpeoplehate.csv'],0.007480053191489362
['subreddit_ihate.csv'],0.006651147322913203
['subreddit_jugglerisatwat.csv'],0.000998834692858332
['subreddit_baldpplarewalterwhite.csv'],0.00199700449326011
['subreddit_whitepeoplecode.csv'],0.00332944897619444
['subreddit_Fatpeoplehate42069.csv'],0.000998502246630055
['subreddit_fatpeoplehate2.csv'],0.00033288948069241014
['subreddit_spicymango.csv'],0.0029915240152900116
['subreddit_trashyladyboners.csv'],0.010473815461346634
['subreddit_carsfilledwithtrash.csv'],0.005982053838484546
['subreddit_cringecringepicspics.csv'],0.01096163428001993
['subreddit_malepeoplehate.csv'],0.000998834692858332
['subreddit_foodfuckers.csv'],0.007475083056478406
['subreddit_spicy_melons.csv'],0.017964071856287428
['subreddit_spambotwatch.csv'],0.004651162790697674
['subreddit_gayretard.csv'],0.008302889405513119
['subreddit_whitepeoplecomments.csv'],0.005978080371969446
['subreddit_pscuntboys.csv'],0.00332944897619444
['subreddit_askadyke.csv'],0.01094708906949743
['subreddit_spice_merchants.csv'],0.00333000333000333
['subreddit_whitebeltbjj.csv'],0.0029905299883701613
['subreddit_trashymemes.csv'],0.018601561202458063
['subreddit_gifsthatendtoobus.csv'],0.012801330008312552
['subreddit_storiesbyfaggots.csv'],0.005980066445182725
['subreddit_gotrpconspiracy.csv'],0.000998502246630055
['subreddit_PPRPconspiracy.csv'],0.01593625498007968
['subreddit_fifahate.csv'],0.001998001998001998
['subreddit_Teenswhoarentretarded.csv'],0.004652708541043536
['subreddit_teamspeakfaggotry.csv'],0.012790697674418604
['subreddit_thinpeoplehate.csv'],0.009965122072745391
['subreddit_fat_niggers.csv'],0.003980099502487562
['subreddit_gifsthatendtoolate.csv'],0.000998834692858332
['subreddit_Suspicious0bservers.csv'],0.0013304506901712955
['subreddit_roycewhite.csv'],0.004995836802664446
['subreddit_rubegoldberghacathon.csv'],0.000998834692858332
['subreddit_shittyfatpeoplehate.csv'],0.002992518703241895
['subreddit_trash.csv'],0.002494595044071179
['subreddit_gifsthatendwaytoosoon.csv'],0.000332944897619444
['subreddit_proof_niggers_suck.csv'],0.001998001998001998
['subreddit_fatpeoplehate8428.csv'],0.0013304506901712955
['subreddit_firstworldfaggots.csv'],0.006650041562759767
['subreddit_Swiftmangahaters.csv'],0.001997669385716664
['subreddit_antiwhitereddit.csv'],0.00249500998003992
['subreddit_conspiracybestof.csv'],0.0039913520705138865
['subreddit_fatpeoplehate404.csv'],0.000998834692858332
['subreddit_maymayconspiracy.csv'],0.010956175298804782
['subreddit_dairywhitecup.csv'],0.02326354270521768
['subreddit_fatwsgyhate.csv'],0.011946241911398706
['subreddit_the_spicy_carl.csv'],0.0019973368841544607
['subreddit_MLS_conspiracy.csv'],0.001997669385716664
['subreddit_pawgresspics.csv'],0.001998001998001998
['subreddit_tifuconspiracy.csv'],0.004652708541043536
['subreddit_CISwhitemales.csv'],0.00465348180156224
['subreddit_newfatpeoplehate.csv'],0.001998001998001998
['subreddit_whateveryouwant.csv'],0.002495425054067543
['subreddit_coffeehaters.csv'],0.0019983347210657783
['subreddit_deadpoolhatersclub.csv'],0.008977556109725685
['subreddit_heriotwatt.csv'],0.0019973368841544607
['subreddit_karmatycoon.csv'],0.013939595087952207
['subreddit_niggerhumor.csv'],0.0004988360492184902
['subreddit_niggerspics.csv'],0.009963467286615742
['subreddit_rud_fuckers.csv'],0.001997669385716664
['subreddit_wowretards.csv'],0.015944195316392625
['subreddit_modernarthate.csv'],0.005973120955699353
['subreddit_2000spics.csv'],0.0053112033195020746
['subreddit_buspics.csv'],0.01094708906949743
['subreddit_spiceeey.csv'],0.011633704503905601
['subreddit_cunts.csv'],0.008302889405513119
