['runescape'],0.000998003992015968
['TeenMFA'],0.0004993342210386152
['AnimalsBeingJerks'],0.000830702774547267
['AskReddit'],0.001161247511612475
['truetf2'],0.001161825726141079
['skiing'],0.000333000333000333
['nba'],0.0009946949602122016
['Exittors'],0.0013271400132714001
['leagueoflegends'],0.000332944897619444
['movies'],0.0011602850986242334
['MapPorn'],0.0011627906976744186
['wow'],0.00033288948069241014
['promos'],0.0004988360492184902
['GreenBayPackers'],0.0008318083513558476
['asoiaf'],0.0008289124668435014
['dayz'],0.0006661115736885929
['gaming'],0.0006637902422834385
['AdviceAnimals'],0.000663239927043608
['ThisIsOurMusic'],0.0006661115736885929
['beerporn'],0.0011604774535809018
['sysadmin'],0.0014947683109118087
['TwoXChromosomes'],0.0004993342210386152
['cigars'],0.0008302889405513118
['todayilearned'],0.000829737802854298
['pics'],0.0006651147322913202
['PercyJacksonRP'],0.0008298755186721991
['technology'],0.0006656681644200366
['friendsafari'],0.00116337045039056
['CanadaPolitics'],0.0014937759336099586
['malefashionadvice'],0.0004995004995004995
['SVExchange'],0.0004985044865403788
['electricians'],0.0008301510874979246
['Smite'],0.0004982561036372695
['guns'],0.0006655574043261231
['Random_Acts_Of_Amazon'],0.0006635700066357001
['skyrim'],0.001163563829787234
['pathofexile'],0.0008305647840531562
['Sidehugs'],0.0004990850108135085
['cats'],0.0011616329239960172
['airsoft'],0.00033277870216306157
['INTP'],0.0006647831145088915
['funny'],0.001327580484566877
['Justrolledintotheshop'],0.0011639507815098104
['keto'],0.0009973404255319148
['books'],0.00083166999334664
['community'],0.0006648936170212766
['LosAngeles'],0.00033277870216306157
['science'],0.0008326394671107411
['windowsphone'],0.0011627906976744186
['bestof'],0.000499001996007984
['EngineeringStudents'],0.0004985873358816686
['teenagers'],0.0004985044865403788
['PotterPlayRP'],0.001328462304882099
['PS4'],0.001328462304882099
['nfl'],0.0008289124668435014
['fatpeoplestories'],0.0009970089730807576
['soccer'],0.000829737802854298
['vapeitforward'],0.0008312551953449709
['BabyBumps'],0.000666000666000666
['Art'],0.0011616329239960172
['gallifrey'],0.0011624045167718366
['Lasseireitei'],0.0009973404255319148
['battlefield_4'],0.0006646726487205051
['freedonuts'],0.000499417346429166
['hockey'],0.001161825726141079
['lebanon'],0.0004996668887408394
['unitedkingdom'],0.000332944897619444
['arrow'],0.0009976720984369804
['sports'],0.001661681621801263
['conspiro'],0.0004990850108135085
['cellphones'],0.0004995004995004995
['pokemontrades'],0.0008305647840531562
['tall'],0.0008302889405513118
['Entrepreneur'],0.0008318083513558476
['pjrpafterdark'],0.0004995836802664446
['MLPLounge'],0.000666000666000666
['ChineseLanguage'],0.000499417346429166
['PoliticalDiscussion'],0.0008325008325008325
['aww'],0.0008305647840531562
['FIFA'],0.0011608623548922056
['cringepics'],0.0006637902422834385
['WTF'],0.000333000333000333
['AN_RP'],0.000995850622406639
['SteamGameSwap'],0.000499417346429166
['DotA2'],0.000997506234413965
['skyrimmods'],0.0004989190088142358
['raisedbynarcissists'],0.0014935280451377365
['lewronggeneration'],0.0006647831145088915
['ShinyPokemon'],0.000829737802854298
['AllThingsGuns'],0.0008319467554076539
['KerbalSpaceProgram'],0.000499001996007984
['Ubuntu'],0.0009961813049975095
['AskMen'],0.0006653359946773121
['worldnews'],0.0009971746717633372
['circlejerk'],0.0011639507815098104
['mentalhealth'],0.0013269198872118096
['pokemon'],0.0006654466810846781
['Music'],0.000666000666000666
['leafs'],0.0009970089730807576
['MechanicalKeyboards'],0.001161247511612475
['mildlyinfuriating'],0.000998170021627017
['Astronomy'],0.0008318083513558476
['vita'],0.000665889795238888
['IAmA'],0.0013280212483399733
['HeroesofNewerth'],0.0008320852055250458
['taiwan'],0.0006655574043261231
['Starcitizen_trades'],0.001163177135260884
['videos'],0.0008311170212765958
['userbattleslounge'],0.0004995004995004995
['bigboobproblems'],0.0006654466810846781
['phoenix'],0.0009978380176284716
['RandomActsOfPolish'],0.0004995004995004995
['PKA'],0.000666000666000666
['Pokemongiveaway'],0.0016592002654720426
['Dota2Trade'],0.0008300132802124834
['randomsuperpowers'],0.0006663334999167084
['Ford'],0.0006643414715163594
['Eminem'],0.00116337045039056
['Advice'],0.001659475605708596
['ultrahardcore'],0.00033250207813798836
['Spiderman'],0.0006646726487205051
['gifs'],0.0008319467554076539
['Libertarian'],0.001161247511612475
['2007scape'],0.001161247511612475
['army'],0.000666000666000666
['CFB'],0.0008318083513558476
['roosterteeth'],0.0008305647840531562
['WritingPrompts'],0.000333000333000333
['metacanada'],0.0006661115736885929
['chicago'],0.0011614401858304297
['Frugal'],0.0006654466810846781
['granturismo'],0.0006655574043261231
['relationships'],0.0004995836802664446
['dogemarket'],0.000996512207274539
['ShingekiNoKyojin'],0.0006653359946773121
['rawdenim'],0.001162597575153629
['sharehearthstone'],0.0009956853634251576
['pcmasterrace'],0.0008318083513558476
['EroticHypnosis'],0.0006647831145088915
['OpiatesRecovery'],0.0004995004995004995
['sex'],0.0013278008298755186
['Browns'],0.0008326394671107411
['tf2'],0.00083166999334664
['BostonBruins'],0.001328462304882099
['r4rDFW'],0.0008308408109006315
['news'],0.0008312551953449709
['MMA'],0.0011614401858304297
['hiphopheads'],0.0006654466810846781
['GrandTheftAutoV'],0.0008305647840531562
['montreal'],0.0004995004995004995
['rage'],0.001161825726141079
['NASCAR'],0.0009976720984369804
['breakingbad'],0.0013286829430327188
['FolkPunk'],0.0009951899154088573
['breastfeeding'],0.0008312551953449709
['orioles'],0.0004995004995004995
['Hiphopcirclejerk'],0.0006647831145088915
['Dachshund'],0.000997506234413965
['kpop'],0.0008305647840531562
['iOSthemes'],0.0008318083513558476
['baseball'],0.000998502246630055
['SNSD'],0.0011624045167718366
['starcraft'],0.000499417346429166
['CollegeBasketball'],0.000666000666000666
['wicked_edge'],0.000830702774547267
['MakeupAddiction'],0.0008294625082946251
['askscience'],0.0009961813049975095
['actuallesbians'],0.0004993342210386152
['secretsanta'],0.0006655574043261231
['ladybonersgw'],0.00083236224404861
['hcfactions'],0.0008308408109006315
['creepyPMs'],0.0009961813049975095
['starbound'],0.0008318083513558476
['trees'],0.0008301510874979246
['fantasybball'],0.0004995004995004995
['jailbreak'],0.000499417346429166
['TrollXChromosomes'],0.0004995004995004995
['bikinis'],0.000666000666000666
['AnimalCrossing'],0.0008325008325008325
['blog'],0.001160669872326314
['strife'],0.0011610549013103333
['futurama'],0.00033277870216306157
['Meditation'],0.0011622115224970944
['buildapc'],0.000997506234413965
['Games'],0.0006648936170212766
['drunk'],0.0009950248756218905
['pcgaming'],0.0008318083513558476
['Flyers'],0.0014962593516209476
['legaladvice'],0.0006655574043261231
['television'],0.0008302889405513118
['Seahawks'],0.0006661115736885929
['Rateme'],0.000666000666000666
['IASIP'],0.0004995004995004995
['SquaredCircle'],0.0008322237017310253
['NYGiants'],0.0008325008325008325
['musicals'],0.0013271400132714001
['DarkoutGame'],0.0004995004995004995
['PropagandaPosters'],0.0004981733643307871
['Liberal'],0.00033288948069241014
['offbeat'],0.000333000333000333
['australia'],0.000996512207274539
['dogs'],0.000830702774547267
['Steam'],0.0008322237017310253
['52weeksofcooking'],0.0004995836802664446
['cringe'],0.0004995004995004995
['TheRedLion'],0.0006646726487205051
['Military'],0.0006654466810846781
['politics'],0.0008319467554076539
['conspiracy'],0.0004984216647283602
['AskWomen'],0.00132890365448505
['casualiama'],0.0008313934153641503
['GameDeals'],0.0006661115736885929
['mindcrack'],0.001161825726141079
['playrust'],0.0008312551953449709
['TumblrInAction'],0.0009955201592832255
['argentina'],0.0006653359946773121
['TagPro'],0.00116337045039056
['Seattle'],0.0008302889405513118
['vegan'],0.0006653359946773121
['FoodPorn'],0.0009968433294567204
['compsci'],0.001161825726141079
['Bitcoin'],0.0011627906976744186
['Calligraphy'],0.0011639507815098104
['litecoin'],0.0008327781479013991
['DeadBedrooms'],0.0006662225183211193
['canes'],0.000499417346429166
['PS3'],0.000830702774547267
['SingleDads'],0.000830702774547267
['Connecticut'],0.0011627906976744186
['3DS'],0.000666000666000666
['LANL_German'],0.0006647831145088915
['playrustservers'],0.001163177135260884
['OnePiece'],0.0006647831145088915
['skrillex'],0.0006648936170212766
['crossfit'],0.0009951899154088573
['makinghiphop'],0.0006654466810846781
['OkCupid'],0.00116337045039056
['BeardedDragons'],0.000998170021627017
['newzealand'],0.0008311170212765958
['lostgeneration'],0.0004988360492184902
['Documentaries'],0.000499417346429166
['chicagobulls'],0.0006652253450856477
['tipofmytongue'],0.0008311170212765958
['summonerschool'],0.0013280212483399733
['cowboys'],0.0008302889405513118
['opiates'],0.0008311170212765958
['subaru'],0.0006661115736885929
['hearthstone'],0.0009976720984369804
['Homebrewing'],0.000666000666000666
['GuessTheMovie'],0.0009963467286615742
['subreddit_conspiracy.csv'],0.0008301510874979246
['subreddit_fatpeoplehate.csv'],0.0006645622196378136
['subreddit_trashy.csv'],0.00033189512114171923
['subreddit_Incels.csv'],0.0006647831145088915
['subreddit_progresspics.csv'],0.0004986702127659574
['subreddit_CoonTown.csv'],0.0006648936170212766
['subreddit_whitesox.csv'],0.0009970089730807576
['subreddit_sjwhate.csv'],0.0003328340822100183
['subreddit_trailerparkboys.csv'],0.000499001996007984
['subreddit_whitepeoplegifs.csv'],0.0008298755186721991
['subreddit_spicy.csv'],0.0006654466810846781
['subreddit_GreatApes.csv'],0.0006642311524410495
['subreddit_trashyboners.csv'],0.0004993342210386152
['subreddit_whiteknighting.csv'],0.00033288948069241014
['subreddit_botwatch.csv'],0.001327580484566877
['subreddit_whitewater.csv'],0.000665889795238888
['subreddit_mtgmarketwatch.csv'],0.000332944897619444
['subreddit_trailers.csv'],0.00016644474034620507
['subreddit_Ijustwatched.csv'],0.000829324929507381
['subreddit_youreacunt.csv'],0.0006655574043261231
['subreddit_tycoon.csv'],0.001329566229017783
['subreddit_dykesgonewild.csv'],0.0003326126725428239
['subreddit_gifsthatendtoosoon.csv'],0.0011629838843661739
['subreddit_isrconspiracyracist.csv'],0.0006647831145088915
['subreddit_whitecapsfc.csv'],0.0004984216647283602
['subreddit_robintracking.csv'],0.0008305647840531562
['subreddit_mainecoons.csv'],0.00016644474034620507
['subreddit_weightwatchers.csv'],0.000332944897619444
['subreddit_smartwatch.csv'],0.0008325008325008325
['subreddit_dykesgonemild.csv'],0.00033288948069241014
['subreddit_jackwhite.csv'],0.0006648936170212766
['subreddit_taptycoon.csv'],0.0011624045167718366
['subreddit_whitebeauty.csv'],0.00016644474034620507
['subreddit_redneckengineering.csv'],0.0006653359946773121
['subreddit_seamusisabiggerfaggot.csv'],0.0004993342210386152
['subreddit_getthewaternigger.csv'],0.000332944897619444
['subreddit_blackchickswhitedicks.csv'],0.0003325573661456601
['subreddit_whitecollar.csv'],0.0011627906976744186
['subreddit_realhate.csv'],0.000499417346429166
['subreddit_hatetruths.csv'],0.0004993342210386152
['subreddit_trashpandas.csv'],0.0006643414715163594
['subreddit_truefirstworldretards.csv'],0.0004983388704318936
['subreddit_ihatealramclocks.csv'],0.000166472448809722
['subreddit_blackmagicfuckery.csv'],0.0009971746717633372
['subreddit_trueautobothate.csv'],0.0013280212483399733
['subreddit_thebayesianconspiracy.csv'],0.0004984216647283602
['subreddit_Mandyke.csv'],0.0004993342210386152
['subreddit_dolphinconspiracy.csv'],0.0004988360492184902
['subreddit_xboxonehate.csv'],0.000332944897619444
['subreddit_hater.csv'],0.0004980906524987548
['subreddit_cuntryballs.csv'],0.0006650041562759767
['subreddit_rocketraccoon.csv'],0.00016644474034620507
['subreddit_ketchuphate.csv'],0.000666000666000666
['subreddit_IdleOilTycoon.csv'],0.0006653359946773121
['subreddit_conspiracyfact.csv'],0.0008327781479013991
['subreddit_fatpeoplehatehate.csv'],0.0008302889405513118
['subreddit_ifuckinghatecats.csv'],0.00083166999334664
['subreddit_dearwhitepeople.csv'],0.0004995004995004995
['subreddit_suspiciousquotes.csv'],0.001162597575153629
['subreddit_fatpeoplehateGW.csv'],0.00016641704110500916
['subreddit_whitepeoplefacebook.csv'],0.0004985044865403788
['subreddit_shittyconspiracy.csv'],0.0004988360492184902
['subreddit_WhateverYouWantPosted.csv'],0.0009971746717633372
['subreddit_pocketwatch.csv'],0.0006647831145088915
['subreddit_grandpajoehate.csv'],0.001162597575153629
['subreddit_smartwatch3.csv'],0.000332944897619444
['subreddit_Ellenpaohate.csv'],0.0011637572734829592
['subreddit_Cherubesque.csv'],0.0014935280451377365
['subreddit_ZooTycoon.csv'],0.0004995004995004995
['subreddit_chickenhater.csv'],0.000166472448809722
['subreddit_HWWRaccoons.csv'],0.0006653359946773121
['subreddit_Raccoons.csv'],0.001327360212377634
['subreddit_badasspics.csv'],0.00033288948069241014
['subreddit_thoseconspiracyguys.csv'],0.0006640106241699867
['subreddit_alphaalphatesting.csv'],0.0003328340822100183
['subreddit_spiceworks.csv'],0.0003328340822100183
['subreddit_cuntboyfur.csv'],0.000666000666000666
['subreddit_FuckCoonTown.csv'],0.00033288948069241014
['subreddit_redneckfixes.csv'],0.000332944897619444
['subreddit_trashdetective.csv'],0.0008318083513558476
['subreddit_gayassfaggot.csv'],0.0009966777408637873
['subreddit_Coyolecooner23.csv'],0.0009983361064891847
['subreddit_Saltwater.csv'],0.0008304268393954493
['subreddit_fatwhichwehate.csv'],0.0004993342210386152
['subreddit_TubeTycoon.csv'],0.000332944897619444
['subreddit_degresspics.csv'],0.0003328340822100183
['subreddit_IncelsWithoutHate.csv'],0.000333000333000333
['subreddit_sjw_hate.csv'],0.0004995004995004995
['subreddit_EllenPaoandfathate.csv'],0.000664451827242525
['subreddit_xxprogresspics.csv'],0.00033288948069241014
['subreddit_farpeoplehate.csv'],0.00016641704110500916
['subreddit_Anti_conspiracy.csv'],0.000499417346429166
['subreddit_whiteboy60.csv'],0.0004979253112033195
['subreddit_ihatechristmas.csv'],0.00033288948069241014
['subreddit_onionhate.csv'],0.0008315316813570597
['subreddit_gametrailers.csv'],0.0004988360492184902
['subreddit_TangerineTycoon.csv'],0.0003328340822100183
['subreddit_CFLconspiracy.csv'],0.0003328340822100183
['subreddit_musichate.csv'],0.001161247511612475
['subreddit_Grantisretarded.csv'],0.000499417346429166
['subreddit_fatpeoplehate6.csv'],0.000830702774547267
['subreddit_blackandwhite.csv'],0.0006656681644200366
['subreddit_whitewhale.csv'],0.0008315316813570597
['subreddit_patientwatchers.csv'],0.0004993342210386152
['subreddit_dykesgoneliterate.csv'],0.0008308408109006315
['subreddit_ageprogresspics.csv'],0.000996512207274539
['subreddit_whitepeople.csv'],0.0006650041562759767
['subreddit_uncensoredwhitenews.csv'],0.0006646726487205051
['subreddit_Rykerhate.csv'],0.0009976720984369804
['subreddit_darkconspiracy.csv'],0.0006646726487205051
['subreddit_niggerduy.csv'],0.0013282417399966794
['subreddit_whitewatercirclejerk.csv'],0.0003324468085106383
['subreddit_conspiracydocumentary.csv'],0.000332944897619444
['subreddit_fnafhate.csv'],0.0006647831145088915
['subreddit_thebuttonwhiteknights.csv'],0.000829324929507381
['subreddit_whatever_Girl.csv'],0.0009966777408637873
['subreddit_hospice.csv'],0.0008312551953449709
['subreddit_museumtycoon.csv'],0.0004988360492184902
['subreddit_hate.csv'],0.000499417346429166
['subreddit_TheIncels.csv'],0.000332944897619444
['subreddit_basspics.csv'],0.0011629838843661739
['subreddit_IncelsGoneWild.csv'],0.0009968433294567204
['subreddit_raccoongifs.csv'],0.0011620185922974768
['subreddit_whitefolks.csv'],0.001161825726141079
['subreddit_mylittleconspiracy.csv'],0.000830702774547267
['subreddit_hatefulcomments.csv'],0.0013286829430327188
['subreddit_ihatecats.csv'],0.000332944897619444
['subreddit_whateverhappenedto.csv'],0.000332944897619444
['subreddit_sonysmartwatch3.csv'],0.000332944897619444
['subreddit_nonwhite.csv'],0.0006645622196378136
['subreddit_Shutupredneckman.csv'],0.0006651147322913202
['subreddit_conspiracytheories.csv'],0.000829737802854298
['subreddit_fatpeoplehate30.csv'],0.000499001996007984
['subreddit_niggervideos.csv'],0.0008318083513558476
['subreddit_nonwhitebimbos.csv'],0.00016641704110500916
['subreddit_niggerniggers.csv'],0.00033288948069241014
['subreddit_Whatever2.csv'],0.0003328340822100183
['subreddit_puahate.csv'],0.000996512207274539
['subreddit_conspiracyhub.csv'],0.0006661115736885929
['subreddit_whiteass.csv'],0.000499001996007984
['subreddit_jenniferwhite.csv'],0.000499001996007984
['subreddit_looking_suspicious.csv'],0.0003328340822100183
['subreddit_cutecunts.csv'],0.0003325573661456601
['subreddit_guyfierihate.csv'],0.0009968433294567204
['subreddit_techieshate.csv'],0.0006652253450856477
['subreddit_donttapthewhitetile.csv'],0.0004993342210386152
['subreddit_talktrash.csv'],0.0004993342210386152
['subreddit_hatethisanime.csv'],0.0009978380176284716
['subreddit_ihaterconspiracyclub.csv'],0.00033288948069241014
['subreddit_fatsquirrelhate.csv'],0.00149402390438247
['subreddit_loseit_progresspics.csv'],0.0003328340822100183
['subreddit_applehate.csv'],0.0004984216647283602
['subreddit_FAT32peoplehate.csv'],0.000499417346429166
['subreddit_cheerhate.csv'],0.0008300132802124834
['subreddit_MadGamesTycoon.csv'],0.000332944897619444
['subreddit_mediocrepeoplehate.csv'],0.0008304268393954493
['subreddit_blackandwhite2.csv'],0.0006652253450856477
['subreddit_fatwomenhate.csv'],0.0013282417399966794
['subreddit_GameDevTycoon.csv'],0.001661681621801263
['subreddit_ciswhiteprivilege.csv'],0.0006654466810846781
['subreddit_ConspicuousBrands.csv'],0.00099601593625498
['subreddit_hemanwomanhaters.csv'],0.000997506234413965
['subreddit_Fatraccoonhate.csv'],0.000499417346429166
['subreddit_whitetigernorth.csv'],0.0008289124668435014
['subreddit_trashcanned.csv'],0.0004989190088142358
['subreddit_fatsteeplehate.csv'],0.0006653359946773121
['subreddit_thinpeoplehate2.csv'],0.001161247511612475
['subreddit_dyke.csv'],0.0008302889405513118
['subreddit_trashcansinatras.csv'],0.0004995004995004995
['subreddit_AtwaterVillage.csv'],0.0011620185922974768
['subreddit_fatpeoplehateveggies.csv'],0.000499417346429166
['subreddit_SumbitWhateverYouWant.csv'],0.000830702774547267
['subreddit_dirjjpeoplehate.csv'],0.0004979253112033195
['subreddit_gildedconspiracy.csv'],0.0004992511233150275
['subreddit_hxh_hate.csv'],0.00016641704110500916
['subreddit_modpeoplehate.csv'],0.0008311170212765958
['subreddit_ihate.csv'],0.0008313934153641503
['subreddit_jugglerisatwat.csv'],0.000332944897619444
['subreddit_baldpplarewalterwhite.csv'],0.0004992511233150275
['subreddit_whitepeoplecode.csv'],0.000665889795238888
['subreddit_Fatpeoplehate42069.csv'],0.0003328340822100183
['subreddit_fatpeoplehate2.csv'],0.00016644474034620507
['subreddit_spicymango.csv'],0.0004985873358816686
['subreddit_trashyladyboners.csv'],0.0011637572734829592
['subreddit_carsfilledwithtrash.csv'],0.0006646726487205051
['subreddit_cringecringepicspics.csv'],0.000996512207274539
['subreddit_malepeoplehate.csv'],0.000332944897619444
['subreddit_foodfuckers.csv'],0.0008305647840531562
['subreddit_spicy_melons.csv'],0.0014970059880239522
['subreddit_spambotwatch.csv'],0.000664451827242525
['subreddit_gayretard.csv'],0.0008302889405513118
['subreddit_whitepeoplecomments.csv'],0.0006642311524410495
['subreddit_pscuntboys.csv'],0.000665889795238888
['subreddit_askadyke.csv'],0.0009951899154088573
['subreddit_spice_merchants.csv'],0.000666000666000666
['subreddit_whitebeltbjj.csv'],0.0004984216647283602
['subreddit_trashymemes.csv'],0.0013286829430327188
['subreddit_gifsthatendtoobus.csv'],0.0011637572734829592
['subreddit_storiesbyfaggots.csv'],0.000664451827242525
['subreddit_gotrpconspiracy.csv'],0.0003328340822100183
['subreddit_PPRPconspiracy.csv'],0.0013280212483399733
['subreddit_fifahate.csv'],0.0004995004995004995
['subreddit_Teenswhoarentretarded.csv'],0.0006646726487205051
['subreddit_teamspeakfaggotry.csv'],0.0011627906976744186
['subreddit_thinpeoplehate.csv'],0.000996512207274539
['subreddit_fat_niggers.csv'],0.0004975124378109452
['subreddit_gifsthatendtoolate.csv'],0.000332944897619444
['subreddit_Suspicious0bservers.csv'],0.0003326126725428239
['subreddit_roycewhite.csv'],0.0008326394671107411
['subreddit_rubegoldberghacathon.csv'],0.000332944897619444
['subreddit_shittyfatpeoplehate.csv'],0.0004987531172069825
['subreddit_trash.csv'],0.0004989190088142358
['subreddit_gifsthatendwaytoosoon.csv'],0.000166472448809722
['subreddit_proof_niggers_suck.csv'],0.0004995004995004995
['subreddit_fatpeoplehate8428.csv'],0.0003326126725428239
['subreddit_firstworldfaggots.csv'],0.0008312551953449709
['subreddit_Swiftmangahaters.csv'],0.000499417346429166
['subreddit_antiwhitereddit.csv'],0.000499001996007984
['subreddit_conspiracybestof.csv'],0.0006652253450856477
['subreddit_fatpeoplehate404.csv'],0.000332944897619444
['subreddit_maymayconspiracy.csv'],0.00099601593625498
['subreddit_dairywhitecup.csv'],0.001661681621801263
['subreddit_fatwsgyhate.csv'],0.0009955201592832255
['subreddit_the_spicy_carl.csv'],0.0004993342210386152
['subreddit_MLS_conspiracy.csv'],0.000499417346429166
['subreddit_pawgresspics.csv'],0.0004995004995004995
['subreddit_tifuconspiracy.csv'],0.0006646726487205051
['subreddit_CISwhitemales.csv'],0.0006647831145088915
['subreddit_newfatpeoplehate.csv'],0.0004995004995004995
['subreddit_whateveryouwant.csv'],0.0004990850108135085
['subreddit_coffeehaters.csv'],0.0004995836802664446
['subreddit_deadpoolhatersclub.csv'],0.000997506234413965
['subreddit_heriotwatt.csv'],0.0004993342210386152
['subreddit_karmatycoon.csv'],0.0011616329239960172
['subreddit_niggerhumor.csv'],0.00016627868307283005
['subreddit_niggerspics.csv'],0.0009963467286615742
['subreddit_rud_fuckers.csv'],0.000499417346429166
['subreddit_wowretards.csv'],0.0013286829430327188
['subreddit_modernarthate.csv'],0.000663680106188817
['subreddit_2000spics.csv'],0.0006639004149377593
['subreddit_buspics.csv'],0.0009951899154088573
['subreddit_spiceeey.csv'],0.00116337045039056
['subreddit_cunts.csv'],0.0008302889405513118
