['runescape'],0.000998004,0
['TeenMFA'],0.000499334,0
['AnimalsBeingJerks'],0.000830703,0
['AskReddit'],0.001161248,0
['truetf2'],0.001161826,0
['skiing'],0.000333,0
['nba'],0.000994695,0
['Exittors'],0.00132714,0
['leagueoflegends'],0.000332945,0
['movies'],0.001160285,0
['MapPorn'],0.001162791,0
['wow'],0.000332889,0
['promos'],0.000498836,0
['GreenBayPackers'],0.000831808,0
['asoiaf'],0.000828912,0
['dayz'],0.000666112,0
['gaming'],0.00066379,0
['AdviceAnimals'],0.00066324,0
['ThisIsOurMusic'],0.000666112,0
['beerporn'],0.001160477,0
['sysadmin'],0.001494768,0
['TwoXChromosomes'],0.000499334,0
['cigars'],0.000830289,0
['todayilearned'],0.000829738,0
['pics'],0.000665115,0
['PercyJacksonRP'],0.000829876,0
['technology'],0.000665668,0
['friendsafari'],0.00116337,0
['CanadaPolitics'],0.001493776,0
['malefashionadvice'],0.0004995,0
['SVExchange'],0.000498504,0
['electricians'],0.000830151,0
['Smite'],0.000498256,0
['guns'],0.000665557,0
['Random_Acts_Of_Amazon'],0.00066357,0
['skyrim'],0.001163564,0
['pathofexile'],0.000830565,0
['Sidehugs'],0.000499085,0
['cats'],0.001161633,0
['airsoft'],0.000332779,0
['INTP'],0.000664783,0
['funny'],0.00132758,0
['Justrolledintotheshop'],0.001163951,0
['keto'],0.00099734,0
['books'],0.00083167,0
['community'],0.000664894,0
['LosAngeles'],0.000332779,0
['science'],0.000832639,0
['windowsphone'],0.001162791,0
['bestof'],0.000499002,0
['EngineeringStudents'],0.000498587,0
['teenagers'],0.000498504,0
['PotterPlayRP'],0.001328462,0
['PS4'],0.001328462,0
['nfl'],0.000828912,0
['fatpeoplestories'],0.000997009,0
['soccer'],0.000829738,0
['vapeitforward'],0.000831255,0
['BabyBumps'],0.000666001,0
['Art'],0.001161633,0
['gallifrey'],0.001162405,0
['Lasseireitei'],0.00099734,0
['battlefield_4'],0.000664673,0
['freedonuts'],0.000499417,0
['hockey'],0.001161826,0
['lebanon'],0.000499667,0
['unitedkingdom'],0.000332945,0
['arrow'],0.000997672,0
['sports'],0.001661682,0
['conspiro'],0.000499085,0
['cellphones'],0.0004995,0
['pokemontrades'],0.000830565,0
['tall'],0.000830289,0
['Entrepreneur'],0.000831808,0
['pjrpafterdark'],0.000499584,0
['MLPLounge'],0.000666001,0
['ChineseLanguage'],0.000499417,0
['PoliticalDiscussion'],0.000832501,0
['aww'],0.000830565,0
['FIFA'],0.001160862,0
['cringepics'],0.00066379,0
['WTF'],0.000333,0
['AN_RP'],0.000995851,0
['SteamGameSwap'],0.000499417,0
['DotA2'],0.000997506,0
['skyrimmods'],0.000498919,0
['raisedbynarcissists'],0.001493528,0
['lewronggeneration'],0.000664783,0
['ShinyPokemon'],0.000829738,0
['AllThingsGuns'],0.000831947,0
['KerbalSpaceProgram'],0.000499002,0
['Ubuntu'],0.000996181,0
['AskMen'],0.000665336,0
['worldnews'],0.000997175,0
['circlejerk'],0.001163951,0
['mentalhealth'],0.00132692,0
['pokemon'],0.000665447,0
['Music'],0.000666001,0
['leafs'],0.000997009,0
['MechanicalKeyboards'],0.001161248,0
['mildlyinfuriating'],0.00099817,0
['Astronomy'],0.000831808,0
['vita'],0.00066589,0
['IAmA'],0.001328021,0
['HeroesofNewerth'],0.000832085,0
['taiwan'],0.000665557,0
['Starcitizen_trades'],0.001163177,0
['videos'],0.000831117,0
['userbattleslounge'],0.0004995,0
['bigboobproblems'],0.000665447,0
['phoenix'],0.000997838,0
['RandomActsOfPolish'],0.0004995,0
['PKA'],0.000666001,0
['Pokemongiveaway'],0.0016592,0
['Dota2Trade'],0.000830013,0
['randomsuperpowers'],0.000666333,0
['Ford'],0.000664341,0
['Eminem'],0.00116337,0
['Advice'],0.001659476,0
['ultrahardcore'],0.000332502,0
['Spiderman'],0.000664673,0
['gifs'],0.000831947,0
['Libertarian'],0.001161248,0
['2007scape'],0.001161248,0
['army'],0.000666001,0
['CFB'],0.000831808,0
['roosterteeth'],0.000830565,0
['WritingPrompts'],0.000333,0
['metacanada'],0.000666112,0
['chicago'],0.00116144,0
['Frugal'],0.000665447,0
['granturismo'],0.000665557,0
['relationships'],0.000499584,0
['dogemarket'],0.000996512,0
['ShingekiNoKyojin'],0.000665336,0
['rawdenim'],0.001162598,0
['sharehearthstone'],0.000995685,0
['pcmasterrace'],0.000831808,0
['EroticHypnosis'],0.000664783,0
['OpiatesRecovery'],0.0004995,0
['sex'],0.001327801,0
['Browns'],0.000832639,0
['tf2'],0.00083167,0
['BostonBruins'],0.001328462,0
['r4rDFW'],0.000830841,0
['news'],0.000831255,0
['MMA'],0.00116144,0
['hiphopheads'],0.000665447,0
['GrandTheftAutoV'],0.000830565,0
['montreal'],0.0004995,0
['rage'],0.001161826,0
['NASCAR'],0.000997672,0
['breakingbad'],0.001328683,0
['FolkPunk'],0.00099519,0
['breastfeeding'],0.000831255,0
['orioles'],0.0004995,0
['Hiphopcirclejerk'],0.000664783,0
['Dachshund'],0.000997506,0
['kpop'],0.000830565,0
['iOSthemes'],0.000831808,0
['baseball'],0.000998502,0
['SNSD'],0.001162405,0
['starcraft'],0.000499417,0
['CollegeBasketball'],0.000666001,0
['wicked_edge'],0.000830703,0
['MakeupAddiction'],0.000829463,0
['askscience'],0.000996181,0
['actuallesbians'],0.000499334,0
['secretsanta'],0.000665557,0
['ladybonersgw'],0.000832362,0
['hcfactions'],0.000830841,0
['creepyPMs'],0.000996181,0
['starbound'],0.000831808,0
['trees'],0.000830151,0
['fantasybball'],0.0004995,0
['jailbreak'],0.000499417,0
['TrollXChromosomes'],0.0004995,0
['bikinis'],0.000666001,0
['AnimalCrossing'],0.000832501,0
['blog'],0.00116067,0
['strife'],0.001161055,0
['futurama'],0.000332779,0
['Meditation'],0.001162212,0
['buildapc'],0.000997506,0
['Games'],0.000664894,0
['drunk'],0.000995025,0
['pcgaming'],0.000831808,0
['Flyers'],0.001496259,0
['legaladvice'],0.000665557,0
['television'],0.000830289,0
['Seahawks'],0.000666112,0
['Rateme'],0.000666001,0
['IASIP'],0.0004995,0
['SquaredCircle'],0.000832224,0
['NYGiants'],0.000832501,0
['musicals'],0.00132714,0
['DarkoutGame'],0.0004995,0
['PropagandaPosters'],0.000498173,0
['Liberal'],0.000332889,0
['offbeat'],0.000333,0
['australia'],0.000996512,0
['dogs'],0.000830703,0
['Steam'],0.000832224,0
['52weeksofcooking'],0.000499584,0
['cringe'],0.0004995,0
['TheRedLion'],0.000664673,0
['Military'],0.000665447,0
['politics'],0.000831947,0
['conspiracy'],0.000498422,0
['AskWomen'],0.001328904,0
['casualiama'],0.000831393,0
['GameDeals'],0.000666112,0
['mindcrack'],0.001161826,0
['playrust'],0.000831255,0
['TumblrInAction'],0.00099552,0
['argentina'],0.000665336,0
['TagPro'],0.00116337,0
['Seattle'],0.000830289,0
['vegan'],0.000665336,0
['FoodPorn'],0.000996843,0
['compsci'],0.001161826,0
['Bitcoin'],0.001162791,0
['Calligraphy'],0.001163951,0
['litecoin'],0.000832778,0
['DeadBedrooms'],0.000666223,0
['canes'],0.000499417,0
['PS3'],0.000830703,0
['SingleDads'],0.000830703,0
['Connecticut'],0.001162791,0
['3DS'],0.000666001,0
['LANL_German'],0.000664783,0
['playrustservers'],0.001163177,0
['OnePiece'],0.000664783,0
['skrillex'],0.000664894,0
['crossfit'],0.00099519,0
['makinghiphop'],0.000665447,0
['OkCupid'],0.00116337,0
['BeardedDragons'],0.00099817,0
['newzealand'],0.000831117,0
['lostgeneration'],0.000498836,0
['Documentaries'],0.000499417,0
['chicagobulls'],0.000665225,0
['tipofmytongue'],0.000831117,0
['summonerschool'],0.001328021,0
['cowboys'],0.000830289,0
['opiates'],0.000831117,0
['subaru'],0.000666112,0
['hearthstone'],0.000997672,0
['Homebrewing'],0.000666001,0
['GuessTheMovie'],0.000996347,0
['subreddit_conspiracy.csv'],0.000830151,0
['subreddit_fatpeoplehate.csv'],0.000664562,1
['subreddit_trashy.csv'],0.000331895,0
['subreddit_Incels.csv'],0.000664783,1
['subreddit_progresspics.csv'],0.00049867,0
['subreddit_CoonTown.csv'],0.000664894,1
['subreddit_whitesox.csv'],0.000997009,0
['subreddit_sjwhate.csv'],0.000332834,1
['subreddit_trailerparkboys.csv'],0.000499002,0
['subreddit_whitepeoplegifs.csv'],0.000829876,0
['subreddit_spicy.csv'],0.000665447,0
['subreddit_GreatApes.csv'],0.000664231,1
['subreddit_trashyboners.csv'],0.000499334,0
['subreddit_whiteknighting.csv'],0.000332889,0
['subreddit_botwatch.csv'],0.00132758,0
['subreddit_whitewater.csv'],0.00066589,0
['subreddit_mtgmarketwatch.csv'],0.000332945,0
['subreddit_trailers.csv'],0.000166445,0
['subreddit_Ijustwatched.csv'],0.000829325,0
['subreddit_youreacunt.csv'],0.000665557,0
['subreddit_tycoon.csv'],0.001329566,0
['subreddit_dykesgonewild.csv'],0.000332613,0
['subreddit_gifsthatendtoosoon.csv'],0.001162984,0
['subreddit_isrconspiracyracist.csv'],0.000664783,1
['subreddit_whitecapsfc.csv'],0.000498422,0
['subreddit_robintracking.csv'],0.000830565,0
['subreddit_mainecoons.csv'],0.000166445,1
['subreddit_weightwatchers.csv'],0.000332945,0
['subreddit_smartwatch.csv'],0.000832501,0
['subreddit_dykesgonemild.csv'],0.000332889,0
['subreddit_jackwhite.csv'],0.000664894,0
['subreddit_taptycoon.csv'],0.001162405,0
['subreddit_whitebeauty.csv'],0.000166445,0
['subreddit_redneckengineering.csv'],0.000665336,0
['subreddit_seamusisabiggerfaggot.csv'],0.000499334,0
['subreddit_getthewaternigger.csv'],0.000332945,0
['subreddit_blackchickswhitedicks.csv'],0.000332557,0
['subreddit_whitecollar.csv'],0.001162791,0
['subreddit_realhate.csv'],0.000499417,0
['subreddit_hatetruths.csv'],0.000499334,0
['subreddit_trashpandas.csv'],0.000664341,0
['subreddit_truefirstworldretards.csv'],0.000498339,0
['subreddit_ihatealramclocks.csv'],0.000166472,0
['subreddit_blackmagicfuckery.csv'],0.000997175,0
['subreddit_trueautobothate.csv'],0.001328021,0
['subreddit_thebayesianconspiracy.csv'],0.000498422,0
['subreddit_Mandyke.csv'],0.000499334,0
['subreddit_dolphinconspiracy.csv'],0.000498836,0
['subreddit_xboxonehate.csv'],0.000332945,0
['subreddit_hater.csv'],0.000498091,0
['subreddit_cuntryballs.csv'],0.000665004,0
['subreddit_rocketraccoon.csv'],0.000166445,0
['subreddit_ketchuphate.csv'],0.000666001,0
['subreddit_IdleOilTycoon.csv'],0.000665336,0
['subreddit_conspiracyfact.csv'],0.000832778,0
['subreddit_fatpeoplehatehate.csv'],0.000830289,1
['subreddit_ifuckinghatecats.csv'],0.00083167,0
['subreddit_dearwhitepeople.csv'],0.0004995,0
['subreddit_suspiciousquotes.csv'],0.001162598,0
['subreddit_fatpeoplehateGW.csv'],0.000166417,0
['subreddit_whitepeoplefacebook.csv'],0.000498504,0
['subreddit_shittyconspiracy.csv'],0.000498836,0
['subreddit_WhateverYouWantPosted.csv'],0.000997175,0
['subreddit_pocketwatch.csv'],0.000664783,0
['subreddit_grandpajoehate.csv'],0.001162598,0
['subreddit_smartwatch3.csv'],0.000332945,0
['subreddit_Ellenpaohate.csv'],0.001163757,0
['subreddit_Cherubesque.csv'],0.001493528,0
['subreddit_ZooTycoon.csv'],0.0004995,0
['subreddit_chickenhater.csv'],0.000166472,0
['subreddit_HWWRaccoons.csv'],0.000665336,0
['subreddit_Raccoons.csv'],0.00132736,0
['subreddit_badasspics.csv'],0.000332889,0
['subreddit_thoseconspiracyguys.csv'],0.000664011,0
['subreddit_alphaalphatesting.csv'],0.000332834,0
['subreddit_spiceworks.csv'],0.000332834,0
['subreddit_cuntboyfur.csv'],0.000666001,0
['subreddit_FuckCoonTown.csv'],0.000332889,0
['subreddit_redneckfixes.csv'],0.000332945,0
['subreddit_trashdetective.csv'],0.000831808,0
['subreddit_gayassfaggot.csv'],0.000996678,1
['subreddit_Coyolecooner23.csv'],0.000998336,0
['subreddit_Saltwater.csv'],0.000830427,0
['subreddit_fatwhichwehate.csv'],0.000499334,0
['subreddit_TubeTycoon.csv'],0.000332945,0
['subreddit_degresspics.csv'],0.000332834,0
['subreddit_IncelsWithoutHate.csv'],0.000333,0
['subreddit_sjw_hate.csv'],0.0004995,0
['subreddit_EllenPaoandfathate.csv'],0.000664452,0
['subreddit_xxprogresspics.csv'],0.000332889,0
['subreddit_farpeoplehate.csv'],0.000166417,0
['subreddit_Anti_conspiracy.csv'],0.000499417,0
['subreddit_whiteboy60.csv'],0.000497925,0
['subreddit_ihatechristmas.csv'],0.000332889,0
['subreddit_onionhate.csv'],0.000831532,0
['subreddit_gametrailers.csv'],0.000498836,0
['subreddit_TangerineTycoon.csv'],0.000332834,0
['subreddit_CFLconspiracy.csv'],0.000332834,0
['subreddit_musichate.csv'],0.001161248,0
['subreddit_Grantisretarded.csv'],0.000499417,0
['subreddit_fatpeoplehate6.csv'],0.000830703,1
['subreddit_blackandwhite.csv'],0.000665668,0
['subreddit_whitewhale.csv'],0.000831532,0
['subreddit_patientwatchers.csv'],0.000499334,0
['subreddit_dykesgoneliterate.csv'],0.000830841,0
['subreddit_ageprogresspics.csv'],0.000996512,0
['subreddit_whitepeople.csv'],0.000665004,0
['subreddit_uncensoredwhitenews.csv'],0.000664673,0
['subreddit_Rykerhate.csv'],0.000997672,0
['subreddit_darkconspiracy.csv'],0.000664673,0
['subreddit_niggerduy.csv'],0.001328242,0
['subreddit_whitewatercirclejerk.csv'],0.000332447,0
['subreddit_conspiracydocumentary.csv'],0.000332945,0
['subreddit_fnafhate.csv'],0.000664783,0
['subreddit_thebuttonwhiteknights.csv'],0.000829325,0
['subreddit_whatever_Girl.csv'],0.000996678,0
['subreddit_hospice.csv'],0.000831255,0
['subreddit_museumtycoon.csv'],0.000498836,0
['subreddit_hate.csv'],0.000499417,1
['subreddit_TheIncels.csv'],0.000332945,1
['subreddit_basspics.csv'],0.001162984,0
['subreddit_IncelsGoneWild.csv'],0.000996843,0
['subreddit_raccoongifs.csv'],0.001162019,0
['subreddit_whitefolks.csv'],0.001161826,0
['subreddit_mylittleconspiracy.csv'],0.000830703,0
['subreddit_hatefulcomments.csv'],0.001328683,0
['subreddit_ihatecats.csv'],0.000332945,0
['subreddit_whateverhappenedto.csv'],0.000332945,0
['subreddit_sonysmartwatch3.csv'],0.000332945,0
['subreddit_nonwhite.csv'],0.000664562,0
['subreddit_Shutupredneckman.csv'],0.000665115,0
['subreddit_conspiracytheories.csv'],0.000829738,0
['subreddit_fatpeoplehate30.csv'],0.000499002,1
['subreddit_niggervideos.csv'],0.000831808,1
['subreddit_nonwhitebimbos.csv'],0.000166417,1
['subreddit_niggerniggers.csv'],0.000332889,1
['subreddit_Whatever2.csv'],0.000332834,0
['subreddit_puahate.csv'],0.000996512,1
['subreddit_conspiracyhub.csv'],0.000666112,0
['subreddit_whiteass.csv'],0.000499002,0
['subreddit_jenniferwhite.csv'],0.000499002,0
['subreddit_looking_suspicious.csv'],0.000332834,0
['subreddit_cutecunts.csv'],0.000332557,0
['subreddit_guyfierihate.csv'],0.000996843,0
['subreddit_techieshate.csv'],0.000665225,0
['subreddit_donttapthewhitetile.csv'],0.000499334,0
['subreddit_talktrash.csv'],0.000499334,0
['subreddit_hatethisanime.csv'],0.000997838,0
['subreddit_ihaterconspiracyclub.csv'],0.000332889,0
['subreddit_fatsquirrelhate.csv'],0.001494024,0
['subreddit_loseit_progresspics.csv'],0.000332834,0
['subreddit_applehate.csv'],0.000498422,0
['subreddit_FAT32peoplehate.csv'],0.000499417,0
['subreddit_cheerhate.csv'],0.000830013,0
['subreddit_MadGamesTycoon.csv'],0.000332945,0
['subreddit_mediocrepeoplehate.csv'],0.000830427,0
['subreddit_blackandwhite2.csv'],0.000665225,0
['subreddit_fatwomenhate.csv'],0.001328242,1
['subreddit_GameDevTycoon.csv'],0.001661682,0
['subreddit_ciswhiteprivilege.csv'],0.000665447,1
['subreddit_ConspicuousBrands.csv'],0.000996016,0
['subreddit_hemanwomanhaters.csv'],0.000997506,1
['subreddit_Fatraccoonhate.csv'],0.000499417,0
['subreddit_whitetigernorth.csv'],0.000828912,0
['subreddit_trashcanned.csv'],0.000498919,0
['subreddit_fatsteeplehate.csv'],0.000665336,0
['subreddit_thinpeoplehate2.csv'],0.001161248,0
['subreddit_dyke.csv'],0.000830289,0
['subreddit_trashcansinatras.csv'],0.0004995,0
['subreddit_AtwaterVillage.csv'],0.001162019,0
['subreddit_fatpeoplehateveggies.csv'],0.000499417,0
['subreddit_SumbitWhateverYouWant.csv'],0.000830703,0
['subreddit_dirjjpeoplehate.csv'],0.000497925,1
['subreddit_gildedconspiracy.csv'],0.000499251,0
['subreddit_hxh_hate.csv'],0.000166417,0
['subreddit_modpeoplehate.csv'],0.000831117,0
['subreddit_ihate.csv'],0.000831393,0
['subreddit_jugglerisatwat.csv'],0.000332945,0
['subreddit_baldpplarewalterwhite.csv'],0.000499251,0
['subreddit_whitepeoplecode.csv'],0.00066589,0
['subreddit_Fatpeoplehate42069.csv'],0.000332834,1
['subreddit_fatpeoplehate2.csv'],0.000166445,1
['subreddit_spicymango.csv'],0.000498587,0
['subreddit_trashyladyboners.csv'],0.001163757,0
['subreddit_carsfilledwithtrash.csv'],0.000664673,0
['subreddit_cringecringepicspics.csv'],0.000996512,0
['subreddit_malepeoplehate.csv'],0.000332945,0
['subreddit_foodfuckers.csv'],0.000830565,0
['subreddit_spicy_melons.csv'],0.001497006,0
['subreddit_spambotwatch.csv'],0.000664452,0
['subreddit_gayretard.csv'],0.000830289,1
['subreddit_whitepeoplecomments.csv'],0.000664231,0
['subreddit_pscuntboys.csv'],0.00066589,0
['subreddit_askadyke.csv'],0.00099519,0
['subreddit_spice_merchants.csv'],0.000666001,0
['subreddit_whitebeltbjj.csv'],0.000498422,0
['subreddit_trashymemes.csv'],0.001328683,0
['subreddit_gifsthatendtoobus.csv'],0.001163757,0
['subreddit_storiesbyfaggots.csv'],0.000664452,1
['subreddit_gotrpconspiracy.csv'],0.000332834,0
['subreddit_PPRPconspiracy.csv'],0.001328021,0
['subreddit_fifahate.csv'],0.0004995,0
['subreddit_Teenswhoarentretarded.csv'],0.000664673,0
['subreddit_teamspeakfaggotry.csv'],0.001162791,1
['subreddit_thinpeoplehate.csv'],0.000996512,1
['subreddit_fat_niggers.csv'],0.000497512,1
['subreddit_gifsthatendtoolate.csv'],0.000332945,0
['subreddit_Suspicious0bservers.csv'],0.000332613,0
['subreddit_roycewhite.csv'],0.000832639,0
['subreddit_rubegoldberghacathon.csv'],0.000332945,0
['subreddit_shittyfatpeoplehate.csv'],0.000498753,0
['subreddit_trash.csv'],0.000498919,0
['subreddit_gifsthatendwaytoosoon.csv'],0.000166472,0
['subreddit_proof_niggers_suck.csv'],0.0004995,1
['subreddit_fatpeoplehate8428.csv'],0.000332613,1
['subreddit_firstworldfaggots.csv'],0.000831255,1
['subreddit_Swiftmangahaters.csv'],0.000499417,0
['subreddit_antiwhitereddit.csv'],0.000499002,1
['subreddit_conspiracybestof.csv'],0.000665225,0
['subreddit_fatpeoplehate404.csv'],0.000332945,1
['subreddit_maymayconspiracy.csv'],0.000996016,0
['subreddit_dairywhitecup.csv'],0.001661682,0
['subreddit_fatwsgyhate.csv'],0.00099552,1
['subreddit_the_spicy_carl.csv'],0.000499334,0
['subreddit_MLS_conspiracy.csv'],0.000499417,0
['subreddit_pawgresspics.csv'],0.0004995,0
['subreddit_tifuconspiracy.csv'],0.000664673,0
['subreddit_CISwhitemales.csv'],0.000664783,0
['subreddit_newfatpeoplehate.csv'],0.0004995,1
['subreddit_whateveryouwant.csv'],0.000499085,0
['subreddit_coffeehaters.csv'],0.000499584,0
['subreddit_deadpoolhatersclub.csv'],0.000997506,0
['subreddit_heriotwatt.csv'],0.000499334,0
['subreddit_karmatycoon.csv'],0.001161633,0
['subreddit_niggerhumor.csv'],0.000166279,1
['subreddit_niggerspics.csv'],0.000996347,1
['subreddit_rud_fuckers.csv'],0.000499417,1
['subreddit_wowretards.csv'],0.001328683,1
['subreddit_modernarthate.csv'],0.00066368,0
['subreddit_2000spics.csv'],0.0006639,0
['subreddit_buspics.csv'],0.00099519,0
['subreddit_spiceeey.csv'],0.00116337,0
['subreddit_cunts.csv'],0.000830289,0
