['runescape'],0.02661343978709248
['TeenMFA'],0.009986684420772303
['AnimalsBeingJerks'],0.020767569363681678
['AskReddit'],0.019354125193541252
['truetf2'],0.023236514522821577
['skiing'],0.004995004995004995
['nba'],0.01823607427055703
['Exittors'],0.024330900243309
['leagueoflegends'],0.00499417346429166
['movies'],0.017404276479363504
['MapPorn'],0.02558139534883721
['wow'],0.004993342210386152
['promos'],0.008313934153641504
['GreenBayPackers'],0.019408861531636443
['asoiaf'],0.01243368700265252
['dayz'],0.016652789342214824
['gaming'],0.013275804845668772
['AdviceAnimals'],0.00994859890565412
['ThisIsOurMusic'],0.02331390507910075
['beerporn'],0.02514367816091954
['sysadmin'],0.04185351270553064
['TwoXChromosomes'],0.007490013315579228
['cigars'],0.01328462304882099
['todayilearned'],0.01659475605708596
['pics'],0.015519343753464138
['PercyJacksonRP'],0.018257261410788383
['technology'],0.015532257169800855
['friendsafari'],0.0349011135117168
['CanadaPolitics'],0.03734439834024896
['malefashionadvice'],0.012487512487512488
['SVExchange'],0.006231306081754736
['electricians'],0.016603021749958494
['Smite'],0.006228201295465869
['guns'],0.01774819744869662
['Random_Acts_Of_Amazon'],0.010617120106171201
['skyrim'],0.02908909574468085
['pathofexile'],0.019933554817275746
['Sidehugs'],0.009981700216270172
['cats'],0.02516871335324704
['airsoft'],0.004991680532445923
['INTP'],0.01329566229017783
['funny'],0.033189512114171926
['Justrolledintotheshop'],0.034918523445294315
['keto'],0.027426861702127655
['books'],0.019405633178088265
['community'],0.014960106382978722
['LosAngeles'],0.004991680532445923
['science'],0.02914238134887594
['windowsphone'],0.027906976744186046
['bestof'],0.00998003992015968
['EngineeringStudents'],0.007478810038225029
['teenagers'],0.008723828514456631
['PotterPlayRP'],0.03719694453669877
['PS4'],0.031883095317170373
['nfl'],0.016578249336870025
['fatpeoplestories'],0.027417746759720835
['soccer'],0.014935280451377363
['vapeitforward'],0.018703241895261846
['BabyBumps'],0.01998001998001998
['Art'],0.023232658479920343
['gallifrey'],0.027897708402524077
['Lasseireitei'],0.024933510638297872
['battlefield_4'],0.013293452974410102
['freedonuts'],0.00998834692858332
['hockey'],0.02323651452282158
['lebanon'],0.012491672218520987
['unitedkingdom'],0.00499417346429166
['arrow'],0.02244762221483206
['sports'],0.05649717514124294
['conspiro'],0.009981700216270172
['cellphones'],0.00999000999000999
['pokemontrades'],0.016611295681063124
['tall'],0.018266356692128862
['Entrepreneur'],0.022181556036155937
['pjrpafterdark'],0.012489592006661115
['MLPLounge'],0.01665001665001665
['ChineseLanguage'],0.00998834692858332
['PoliticalDiscussion'],0.024975024975024976
['aww'],0.02159468438538206
['FIFA'],0.025152017689331122
['cringepics'],0.010620643876535016
['WTF'],0.00666000666000666
['AN_RP'],0.021576763485477175
['SteamGameSwap'],0.012485433660729149
['DotA2'],0.024937655860349125
['skyrimmods'],0.008315316813570596
['raisedbynarcissists'],0.039827414537006306
['lewronggeneration'],0.01329566229017783
['ShinyPokemon'],0.014935280451377363
['AllThingsGuns'],0.022185246810870772
['KerbalSpaceProgram'],0.00998003992015968
['Ubuntu'],0.01992362609995019
['AskMen'],0.015524506542470614
['worldnews'],0.02243643011467509
['circlejerk'],0.02909876953774526
['mentalhealth'],0.03317299718029524
['pokemon'],0.013308933621693561
['Music'],0.01998001998001998
['leafs'],0.023928215353938184
['MechanicalKeyboards'],0.025160362751603625
['mildlyinfuriating'],0.026617867243387123
['Astronomy'],0.019408861531636443
['vita'],0.0166472448809722
['IAmA'],0.03762726870296591
['HeroesofNewerth'],0.016641704110500914
['taiwan'],0.01774819744869662
['Starcitizen_trades'],0.0290794283815221
['videos'],0.018700132978723406
['userbattleslounge'],0.012487512487512488
['bigboobproblems'],0.013308933621693561
['phoenix'],0.027440545484782967
['RandomActsOfPolish'],0.00999000999000999
['PKA'],0.01665001665001665
['Pokemongiveaway'],0.04148000663680106
['Dota2Trade'],0.013280212483399735
['randomsuperpowers'],0.01999000499750125
['Ford'],0.01328682943032719
['Eminem'],0.029084261259764002
['Advice'],0.05255006084743887
['ultrahardcore'],0.004433361041839845
['Spiderman'],0.01163177135260884
['gifs'],0.019412090959511925
['Libertarian'],0.027095775270957752
['2007scape'],0.023224950232249502
['army'],0.01998001998001998
['CFB'],0.019408861531636443
['roosterteeth'],0.014534883720930232
['WritingPrompts'],0.00666000666000666
['metacanada'],0.01998334721065779
['chicago'],0.023228803716608595
['Frugal'],0.01774524482892475
['granturismo'],0.013311148086522465
['relationships'],0.012489592006661115
['dogemarket'],0.02192326856003986
['ShingekiNoKyojin'],0.015524506542470614
['rawdenim'],0.03487792725460887
['sharehearthstone'],0.021573182874211748
['pcmasterrace'],0.019408861531636443
['EroticHypnosis'],0.016619577862722286
['OpiatesRecovery'],0.00999000999000999
['sex'],0.03540802213001383
['Browns'],0.02497918401332223
['tf2'],0.022177866489243733
['BostonBruins'],0.030997453780582312
['r4rDFW'],0.01661681621801263
['news'],0.020781379883624274
['MMA'],0.023228803716608595
['hiphopheads'],0.015527089225309156
['GrandTheftAutoV'],0.016611295681063124
['montreal'],0.012487512487512488
['rage'],0.025560165975103737
['NASCAR'],0.027435982707016963
['breakingbad'],0.03321707357581797
['FolkPunk'],0.02322109802620667
['breastfeeding'],0.020781379883624274
['orioles'],0.00999000999000999
['Hiphopcirclejerk'],0.0116337045039056
['Dachshund'],0.027431421446384035
['kpop'],0.019933554817275746
['iOSthemes'],0.019408861531636443
['baseball'],0.02995506739890165
['SNSD'],0.030222517436067752
['starcraft'],0.012485433660729149
['CollegeBasketball'],0.01665001665001665
['wicked_edge'],0.016614055490945343
['MakeupAddiction'],0.019354125193541252
['askscience'],0.02191598870994521
['actuallesbians'],0.009986684420772303
['secretsanta'],0.01774819744869662
['ladybonersgw'],0.02219632650796293
['hcfactions'],0.020771020272515785
['creepyPMs'],0.013946538269965135
['starbound'],0.019408861531636443
['trees'],0.016603021749958494
['fantasybball'],0.012487512487512488
['jailbreak'],0.00998834692858332
['TrollXChromosomes'],0.012487512487512488
['bikinis'],0.01665001665001665
['AnimalCrossing'],0.029137529137529136
['blog'],0.02321339744652628
['strife'],0.027091281030574444
['futurama'],0.003327787021630616
['Meditation'],0.02789307653993027
['buildapc'],0.024937655860349125
['Games'],0.014960106382978722
['drunk'],0.02155887230514096
['pcgaming'],0.019408861531636443
['Flyers'],0.0486284289276808
['legaladvice'],0.01774819744869662
['television'],0.019373408612863945
['Seahawks'],0.016652789342214824
['Rateme'],0.01998001998001998
['IASIP'],0.00999000999000999
['SquaredCircle'],0.022192632046160673
['NYGiants'],0.024975024975024976
['musicals'],0.026542800265428
['DarkoutGame'],0.00999000999000999
['PropagandaPosters'],0.007970773829292593
['Liberal'],0.004993342210386152
['offbeat'],0.00666000666000666
['australia'],0.017937219730941704
['dogs'],0.021598272138228944
['Steam'],0.02496671105193076
['52weeksofcooking'],0.012489592006661115
['cringe'],0.00999000999000999
['TheRedLion'],0.01163177135260884
['Military'],0.015527089225309156
['politics'],0.022185246810870772
['conspiracy'],0.009968433294567204
['AskWomen'],0.0345514950166113
['casualiama'],0.02078483538410376
['GameDeals'],0.016652789342214824
['mindcrack'],0.02710926694329184
['playrust'],0.01662510390689942
['TumblrInAction'],0.01825120292019247
['argentina'],0.015524506542470614
['TagPro'],0.030247631710154564
['Seattle'],0.016605778811026237
['vegan'],0.01774229319139499
['FoodPorn'],0.01993686658913441
['compsci'],0.030982019363762107
['Bitcoin'],0.027906976744186046
['Calligraphy'],0.032008646491519785
['litecoin'],0.02914723517654897
['DeadBedrooms'],0.016655562958027982
['canes'],0.012485433660729149
['PS3'],0.018275461040039874
['SingleDads'],0.018275461040039874
['Connecticut'],0.027906976744186046
['3DS'],0.01998001998001998
['LANL_German'],0.0116337045039056
['playrustservers'],0.034895314057826525
['OnePiece'],0.014957620076450058
['skrillex'],0.016622340425531915
['crossfit'],0.018245148449162387
['makinghiphop'],0.015527089225309156
['OkCupid'],0.031992687385740404
['BeardedDragons'],0.026617867243387123
['newzealand'],0.014544547872340425
['lostgeneration'],0.01122381110741603
['Documentaries'],0.00998834692858332
['chicagobulls'],0.015521924718665115
['tipofmytongue'],0.018700132978723406
['summonerschool'],0.028773793714032755
['cowboys'],0.016605778811026237
['opiates'],0.016622340425531915
['subaru'],0.016652789342214824
['hearthstone'],0.02494180246092451
['Homebrewing'],0.01665001665001665
['GuessTheMovie'],0.024908668216539354
['subreddit_conspiracy.csv'],0.014942719574962644
['subreddit_fatpeoplehate.csv'],0.01162983884366174
['subreddit_trashy.csv'],0.003982741453700631
['subreddit_Incels.csv'],0.0116337045039056
['subreddit_progresspics.csv'],0.007480053191489361
['subreddit_CoonTown.csv'],0.01163563829787234
['subreddit_whitesox.csv'],0.02193419740777667
['subreddit_sjwhate.csv'],0.004992511233150275
['subreddit_trailerparkboys.csv'],0.0083166999334664
['subreddit_whitepeoplegifs.csv'],0.014937759336099586
['subreddit_spicy.csv'],0.013308933621693561
['subreddit_GreatApes.csv'],0.011956160743938892
['subreddit_trashyboners.csv'],0.009986684420772303
['subreddit_whiteknighting.csv'],0.004993342210386152
['subreddit_botwatch.csv'],0.033189512114171926
['subreddit_whitewater.csv'],0.0166472448809722
['subreddit_mtgmarketwatch.csv'],0.00499417346429166
['subreddit_trailers.csv'],0.0016644474034620508
['subreddit_Ijustwatched.csv'],0.015204290374301986
['subreddit_youreacunt.csv'],0.013311148086522465
['subreddit_tycoon.csv'],0.03456872195446235
['subreddit_dykesgonewild.csv'],0.004434835633904319
['subreddit_gifsthatendtoosoon.csv'],0.03023758099352052
['subreddit_isrconspiracyracist.csv'],0.01329566229017783
['subreddit_whitecapsfc.csv'],0.007476324970925404
['subreddit_robintracking.csv'],0.016611295681063124
['subreddit_mainecoons.csv'],0.0016644474034620508
['subreddit_weightwatchers.csv'],0.00499417346429166
['subreddit_smartwatch.csv'],0.024975024975024976
['subreddit_dykesgonemild.csv'],0.004993342210386152
['subreddit_jackwhite.csv'],0.01163563829787234
['subreddit_taptycoon.csv'],0.025572899368980405
['subreddit_whitebeauty.csv'],0.0016644474034620508
['subreddit_redneckengineering.csv'],0.01330671989354624
['subreddit_seamusisabiggerfaggot.csv'],0.009986684420772303
['subreddit_getthewaternigger.csv'],0.00499417346429166
['subreddit_blackchickswhitedicks.csv'],0.004434098215275468
['subreddit_whitecollar.csv'],0.02558139534883721
['subreddit_realhate.csv'],0.00998834692858332
['subreddit_hatetruths.csv'],0.009986684420772303
['subreddit_trashpandas.csv'],0.01062946354426175
['subreddit_truefirstworldretards.csv'],0.007475083056478404
['subreddit_ihatealramclocks.csv'],0.0016647244880972202
['subreddit_blackmagicfuckery.csv'],0.02243643011467509
['subreddit_trueautobothate.csv'],0.030987162461266045
['subreddit_thebayesianconspiracy.csv'],0.007476324970925404
['subreddit_Mandyke.csv'],0.009986684420772303
['subreddit_dolphinconspiracy.csv'],0.008313934153641504
['subreddit_xboxonehate.csv'],0.006658897952388881
['subreddit_hater.csv'],0.008965631744977585
['subreddit_cuntryballs.csv'],0.011637572734829594
['subreddit_rocketraccoon.csv'],0.0016644474034620508
['subreddit_ketchuphate.csv'],0.01665001665001665
['subreddit_IdleOilTycoon.csv'],0.01330671989354624
['subreddit_conspiracyfact.csv'],0.024983344437041973
['subreddit_fatpeoplehatehate.csv'],0.018266356692128862
['subreddit_ifuckinghatecats.csv'],0.022177866489243733
['subreddit_dearwhitepeople.csv'],0.00999000999000999
['subreddit_suspiciousquotes.csv'],0.027127276753584676
['subreddit_fatpeoplehateGW.csv'],0.0016641704110500915
['subreddit_whitepeoplefacebook.csv'],0.007477567298105683
['subreddit_shittyconspiracy.csv'],0.008313934153641504
['subreddit_WhateverYouWantPosted.csv'],0.021937842778793418
['subreddit_pocketwatch.csv'],0.0116337045039056
['subreddit_grandpajoehate.csv'],0.02557714665337984
['subreddit_smartwatch3.csv'],0.00499417346429166
['subreddit_Ellenpaohate.csv'],0.02909393183707398
['subreddit_Cherubesque.csv'],0.039827414537006306
['subreddit_ZooTycoon.csv'],0.00999000999000999
['subreddit_chickenhater.csv'],0.0016647244880972202
['subreddit_HWWRaccoons.csv'],0.01330671989354624
['subreddit_Raccoons.csv'],0.03097173828881146
['subreddit_badasspics.csv'],0.004993342210386152
['subreddit_thoseconspiracyguys.csv'],0.011066843736166444
['subreddit_alphaalphatesting.csv'],0.004992511233150275
['subreddit_spiceworks.csv'],0.004992511233150275
['subreddit_cuntboyfur.csv'],0.01665001665001665
['subreddit_FuckCoonTown.csv'],0.004993342210386152
['subreddit_redneckfixes.csv'],0.00499417346429166
['subreddit_trashdetective.csv'],0.019408861531636443
['subreddit_gayassfaggot.csv'],0.019933554817275746
['subreddit_Coyolecooner23.csv'],0.029950083194675542
['subreddit_Saltwater.csv'],0.016608536787908985
['subreddit_fatwhichwehate.csv'],0.009986684420772303
['subreddit_TubeTycoon.csv'],0.00499417346429166
['subreddit_degresspics.csv'],0.004992511233150275
['subreddit_IncelsWithoutHate.csv'],0.004995004995004995
['subreddit_sjw_hate.csv'],0.00999000999000999
['subreddit_EllenPaoandfathate.csv'],0.011627906976744186
['subreddit_xxprogresspics.csv'],0.004993342210386152
['subreddit_farpeoplehate.csv'],0.0016641704110500915
['subreddit_Anti_conspiracy.csv'],0.00998834692858332
['subreddit_whiteboy60.csv'],0.006970954356846473
['subreddit_ihatechristmas.csv'],0.004993342210386152
['subreddit_onionhate.csv'],0.019402405898331393
['subreddit_gametrailers.csv'],0.008313934153641504
['subreddit_TangerineTycoon.csv'],0.004992511233150275
['subreddit_CFLconspiracy.csv'],0.004992511233150275
['subreddit_musichate.csv'],0.023224950232249502
['subreddit_Grantisretarded.csv'],0.00998834692858332
['subreddit_fatpeoplehate6.csv'],0.01869081242731351
['subreddit_blackandwhite.csv'],0.016641704110500914
['subreddit_whitewhale.csv'],0.019402405898331393
['subreddit_patientwatchers.csv'],0.009986684420772303
['subreddit_dykesgoneliterate.csv'],0.016616816218012632
['subreddit_ageprogresspics.csv'],0.021591097824281678
['subreddit_whitepeople.csv'],0.013300083125519533
['subreddit_uncensoredwhitenews.csv'],0.01163177135260884
['subreddit_Rykerhate.csv'],0.02244762221483206
['subreddit_darkconspiracy.csv'],0.01163177135260884
['subreddit_niggerduy.csv'],0.02656483479993359
['subreddit_whitewatercirclejerk.csv'],0.004432624113475177
['subreddit_conspiracydocumentary.csv'],0.00499417346429166
['subreddit_fnafhate.csv'],0.0116337045039056
['subreddit_thebuttonwhiteknights.csv'],0.01382208215845635
['subreddit_whatever_Girl.csv'],0.02192691029900332
['subreddit_hospice.csv'],0.018703241895261846
['subreddit_museumtycoon.csv'],0.008313934153641504
['subreddit_hate.csv'],0.00998834692858332
['subreddit_TheIncels.csv'],0.00499417346429166
['subreddit_basspics.csv'],0.027911613224788176
['subreddit_IncelsGoneWild.csv'],0.01993686658913441
['subreddit_raccoongifs.csv'],0.02324037184594954
['subreddit_whitefolks.csv'],0.029045643153526972
['subreddit_mylittleconspiracy.csv'],0.016614055490945343
['subreddit_hatefulcomments.csv'],0.03454575651885069
['subreddit_ihatecats.csv'],0.00499417346429166
['subreddit_whateverhappenedto.csv'],0.00499417346429166
['subreddit_sonysmartwatch3.csv'],0.00499417346429166
['subreddit_nonwhite.csv'],0.01162983884366174
['subreddit_Shutupredneckman.csv'],0.013302294645826405
['subreddit_conspiracytheories.csv'],0.013828963380904967
['subreddit_fatpeoplehate30.csv'],0.0083166999334664
['subreddit_niggervideos.csv'],0.019408861531636443
['subreddit_nonwhitebimbos.csv'],0.0016641704110500915
['subreddit_niggerniggers.csv'],0.004993342210386152
['subreddit_Whatever2.csv'],0.004992511233150275
['subreddit_puahate.csv'],0.019930244145490782
['subreddit_conspiracyhub.csv'],0.016652789342214824
['subreddit_whiteass.csv'],0.0083166999334664
['subreddit_jenniferwhite.csv'],0.0083166999334664
['subreddit_looking_suspicious.csv'],0.004992511233150275
['subreddit_cutecunts.csv'],0.004434098215275468
['subreddit_guyfierihate.csv'],0.022428974912776206
['subreddit_techieshate.csv'],0.013304506901712957
['subreddit_donttapthewhitetile.csv'],0.009986684420772303
['subreddit_talktrash.csv'],0.009986684420772303
['subreddit_hatethisanime.csv'],0.02993514052885415
['subreddit_ihaterconspiracyclub.csv'],0.004993342210386152
['subreddit_fatsquirrelhate.csv'],0.0348605577689243
['subreddit_loseit_progresspics.csv'],0.004992511233150275
['subreddit_applehate.csv'],0.007476324970925404
['subreddit_FAT32peoplehate.csv'],0.00998834692858332
['subreddit_cheerhate.csv'],0.016600265604249667
['subreddit_MadGamesTycoon.csv'],0.00499417346429166
['subreddit_mediocrepeoplehate.csv'],0.014947683109118088
['subreddit_blackandwhite2.csv'],0.013304506901712957
['subreddit_fatwomenhate.csv'],0.028778571033261383
['subreddit_GameDevTycoon.csv'],0.04652708541043536
['subreddit_ciswhiteprivilege.csv'],0.013308933621693561
['subreddit_ConspicuousBrands.csv'],0.0199203187250996
['subreddit_hemanwomanhaters.csv'],0.02244389027431421
['subreddit_Fatraccoonhate.csv'],0.00998834692858332
['subreddit_whitetigernorth.csv'],0.013815207780725022
['subreddit_trashcanned.csv'],0.008315316813570596
['subreddit_fatsteeplehate.csv'],0.01330671989354624
['subreddit_thinpeoplehate2.csv'],0.025160362751603625
['subreddit_dyke.csv'],0.018266356692128862
['subreddit_trashcansinatras.csv'],0.00999000999000999
['subreddit_AtwaterVillage.csv'],0.02711376715360779
['subreddit_fatpeoplehateveggies.csv'],0.00998834692858332
['subreddit_SumbitWhateverYouWant.csv'],0.014952649941850808
['subreddit_dirjjpeoplehate.csv'],0.006639004149377594
['subreddit_gildedconspiracy.csv'],0.00998502246630055
['subreddit_hxh_hate.csv'],0.0016641704110500915
['subreddit_modpeoplehate.csv'],0.018700132978723406
['subreddit_ihate.csv'],0.01662786830728301
['subreddit_jugglerisatwat.csv'],0.00499417346429166
['subreddit_baldpplarewalterwhite.csv'],0.00998502246630055
['subreddit_whitepeoplecode.csv'],0.0166472448809722
['subreddit_Fatpeoplehate42069.csv'],0.004992511233150275
['subreddit_fatpeoplehate2.csv'],0.0016644474034620508
['subreddit_spicymango.csv'],0.007478810038225029
['subreddit_trashyladyboners.csv'],0.026184538653366583
['subreddit_carsfilledwithtrash.csv'],0.011964107676969092
['subreddit_cringecringepicspics.csv'],0.02192326856003986
['subreddit_malepeoplehate.csv'],0.00499417346429166
['subreddit_foodfuckers.csv'],0.01495016611295681
['subreddit_spicy_melons.csv'],0.04491017964071857
['subreddit_spambotwatch.csv'],0.011627906976744186
['subreddit_gayretard.csv'],0.016605778811026237
['subreddit_whitepeoplecomments.csv'],0.009963467286615743
['subreddit_pscuntboys.csv'],0.0166472448809722
['subreddit_askadyke.csv'],0.018245148449162387
['subreddit_spice_merchants.csv'],0.01665001665001665
['subreddit_whitebeltbjj.csv'],0.007476324970925404
['subreddit_trashymemes.csv'],0.031002602004096772
['subreddit_gifsthatendtoobus.csv'],0.032003325020781376
['subreddit_storiesbyfaggots.csv'],0.01196013289036545
['subreddit_gotrpconspiracy.csv'],0.004992511233150275
['subreddit_PPRPconspiracy.csv'],0.02656042496679947
['subreddit_fifahate.csv'],0.00999000999000999
['subreddit_Teenswhoarentretarded.csv'],0.01163177135260884
['subreddit_teamspeakfaggotry.csv'],0.02558139534883721
['subreddit_thinpeoplehate.csv'],0.019930244145490782
['subreddit_fat_niggers.csv'],0.006633499170812604
['subreddit_gifsthatendtoolate.csv'],0.00499417346429166
['subreddit_Suspicious0bservers.csv'],0.004434835633904319
['subreddit_roycewhite.csv'],0.02497918401332223
['subreddit_rubegoldberghacathon.csv'],0.00499417346429166
['subreddit_shittyfatpeoplehate.csv'],0.007481296758104738
['subreddit_trash.csv'],0.008315316813570596
['subreddit_gifsthatendwaytoosoon.csv'],0.0016647244880972202
['subreddit_proof_niggers_suck.csv'],0.00999000999000999
['subreddit_fatpeoplehate8428.csv'],0.004434835633904319
['subreddit_firstworldfaggots.csv'],0.01662510390689942
['subreddit_Swiftmangahaters.csv'],0.00998834692858332
['subreddit_antiwhitereddit.csv'],0.0083166999334664
['subreddit_conspiracybestof.csv'],0.013304506901712957
['subreddit_fatpeoplehate404.csv'],0.00499417346429166
['subreddit_maymayconspiracy.csv'],0.018260292164674636
['subreddit_dairywhitecup.csv'],0.04652708541043536
['subreddit_fatwsgyhate.csv'],0.01991040318566451
['subreddit_the_spicy_carl.csv'],0.009986684420772303
['subreddit_MLS_conspiracy.csv'],0.00998834692858332
['subreddit_pawgresspics.csv'],0.00999000999000999
['subreddit_tifuconspiracy.csv'],0.01163177135260884
['subreddit_CISwhitemales.csv'],0.0116337045039056
['subreddit_newfatpeoplehate.csv'],0.00999000999000999
['subreddit_whateveryouwant.csv'],0.008318083513558476
['subreddit_coffeehaters.csv'],0.00999167360532889
['subreddit_deadpoolhatersclub.csv'],0.02244389027431421
['subreddit_heriotwatt.csv'],0.009986684420772303
['subreddit_karmatycoon.csv'],0.023232658479920346
['subreddit_niggerhumor.csv'],0.0016627868307283007
['subreddit_niggerspics.csv'],0.019926934573231483
['subreddit_rud_fuckers.csv'],0.00998834692858332
['subreddit_wowretards.csv'],0.03188839063278525
['subreddit_modernarthate.csv'],0.009955201592832256
['subreddit_2000spics.csv'],0.010622406639004149
['subreddit_buspics.csv'],0.018245148449162387
['subreddit_spiceeey.csv'],0.029084261259764002
['subreddit_cunts.csv'],0.016605778811026237
