['runescape'],0.02544529262086514
['TeenMFA'],0.04032258064516129
['AnimalsBeingJerks'],0.0364963503649635
['AskReddit'],0.0
['truetf2'],0.013793103448275862
['skiing'],0.0
['nba'],0.0
['Exittors'],0.011185682326621925
['leagueoflegends'],0.0
['movies'],0.010893246187363833
['MapPorn'],0.014285714285714284
['wow'],0.0
['promos'],0.0
['GreenBayPackers'],0.0
['asoiaf'],0.0
['dayz'],0.0
['gaming'],0.013986013986013986
['AdviceAnimals'],0.01126126126126126
['ThisIsOurMusic'],0.0
['beerporn'],0.0
['sysadmin'],0.0
['TwoXChromosomes'],0.0
['cigars'],0.0
['todayilearned'],0.0
['pics'],0.0
['PercyJacksonRP'],0.013986013986013986
['technology'],0.0
['friendsafari'],0.01824817518248175
['CanadaPolitics'],0.011337868480725623
['malefashionadvice'],0.0
['SVExchange'],0.0
['electricians'],0.0
['Smite'],0.0
['guns'],0.0
['Random_Acts_Of_Amazon'],0.0
['skyrim'],0.01838235294117647
['pathofexile'],0.014492753623188406
['Sidehugs'],0.0
['cats'],0.0
['airsoft'],0.0
['INTP'],0.0
['funny'],0.0
['Justrolledintotheshop'],0.01865671641791045
['keto'],0.01851851851851852
['books'],0.02564102564102564
['community'],0.0
['LosAngeles'],0.0
['science'],0.0
['windowsphone'],0.0
['bestof'],0.0
['EngineeringStudents'],0.0
['teenagers'],0.0
['PotterPlayRP'],0.013986013986013986
['PS4'],0.0
['nfl'],0.0
['fatpeoplestories'],0.0
['soccer'],0.013888888888888888
['vapeitforward'],0.0
['BabyBumps'],0.0
['Art'],0.0136986301369863
['gallifrey'],0.0
['Lasseireitei'],0.0
['battlefield_4'],0.0
['freedonuts'],0.0
['hockey'],0.0
['lebanon'],0.0
['unitedkingdom'],0.0
['arrow'],0.0
['sports'],0.0
['conspiro'],0.0
['cellphones'],0.0
['pokemontrades'],0.0
['tall'],0.0
['Entrepreneur'],0.025839793281653745
['pjrpafterdark'],0.0
['MLPLounge'],0.0
['ChineseLanguage'],0.0
['PoliticalDiscussion'],0.0
['aww'],0.0
['FIFA'],0.011111111111111112
['cringepics'],0.0
['WTF'],0.0
['AN_RP'],0.0
['SteamGameSwap'],0.0
['DotA2'],0.0
['skyrimmods'],0.0
['raisedbynarcissists'],0.01126126126126126
['lewronggeneration'],0.0
['ShinyPokemon'],0.0
['AllThingsGuns'],0.0
['KerbalSpaceProgram'],0.0
['Ubuntu'],0.0
['AskMen'],0.0
['worldnews'],0.0
['circlejerk'],0.0
['mentalhealth'],0.0
['pokemon'],0.0
['Music'],0.0
['leafs'],0.0
['MechanicalKeyboards'],0.0
['mildlyinfuriating'],0.02564102564102564
['Astronomy'],0.0
['vita'],0.0
['IAmA'],0.011494252873563218
['HeroesofNewerth'],0.0
['taiwan'],0.0
['Starcitizen_trades'],0.0
['videos'],0.0
['userbattleslounge'],0.0
['bigboobproblems'],0.0
['phoenix'],0.0
['RandomActsOfPolish'],0.0
['PKA'],0.0
['Pokemongiveaway'],0.0
['Dota2Trade'],0.0
['randomsuperpowers'],0.0
['Ford'],0.0
['Eminem'],0.0
['Advice'],0.011185682326621925
['ultrahardcore'],0.0
['Spiderman'],0.0
['gifs'],0.0
['Libertarian'],0.0
['2007scape'],0.01126126126126126
['army'],0.0
['CFB'],0.0
['roosterteeth'],0.0
['WritingPrompts'],0.0
['metacanada'],0.0
['chicago'],0.011337868480725623
['Frugal'],0.0
['granturismo'],0.0
['relationships'],0.0
['dogemarket'],0.0
['ShingekiNoKyojin'],0.025839793281653745
['rawdenim'],0.0
['sharehearthstone'],0.0
['pcmasterrace'],0.0
['EroticHypnosis'],0.0
['OpiatesRecovery'],0.0
['sex'],0.04597701149425287
['Browns'],0.0
['tf2'],0.0
['BostonBruins'],0.011655011655011656
['r4rDFW'],0.0
['news'],0.0
['MMA'],0.0
['hiphopheads'],0.0
['GrandTheftAutoV'],0.0
['montreal'],0.0
['rage'],0.013793103448275862
['NASCAR'],0.0
['breakingbad'],0.011737089201877934
['FolkPunk'],0.0
['breastfeeding'],0.0
['orioles'],0.0
['Hiphopcirclejerk'],0.0
['Dachshund'],0.0
['kpop'],0.0
['iOSthemes'],0.0
['baseball'],0.0
['SNSD'],0.0
['starcraft'],0.0
['CollegeBasketball'],0.0
['wicked_edge'],0.0
['MakeupAddiction'],0.0
['askscience'],0.0
['actuallesbians'],0.0
['secretsanta'],0.0
['ladybonersgw'],0.0
['hcfactions'],0.0
['creepyPMs'],0.0
['starbound'],0.0
['trees'],0.0
['fantasybball'],0.0
['jailbreak'],0.0
['TrollXChromosomes'],0.0
['bikinis'],0.0
['AnimalCrossing'],0.0
['blog'],0.0
['strife'],0.011185682326621925
['futurama'],0.0
['Meditation'],0.0
['buildapc'],0.0
['Games'],0.0
['drunk'],0.0
['pcgaming'],0.0
['Flyers'],0.0
['legaladvice'],0.0
['television'],0.0
['Seahawks'],0.0
['Rateme'],0.0
['IASIP'],0.0
['SquaredCircle'],0.0
['NYGiants'],0.0
['musicals'],0.011185682326621925
['DarkoutGame'],0.0
['PropagandaPosters'],0.0
['Liberal'],0.0
['offbeat'],0.0
['australia'],0.0
['dogs'],0.0
['Steam'],0.0
['52weeksofcooking'],0.0
['cringe'],0.0
['TheRedLion'],0.01851851851851852
['Military'],0.0
['politics'],0.0
['conspiracy'],0.0
['AskWomen'],0.014184397163120567
['casualiama'],0.0
['GameDeals'],0.0
['mindcrack'],0.0
['playrust'],0.0
['TumblrInAction'],0.0
['argentina'],0.0
['TagPro'],0.0145985401459854
['Seattle'],0.0
['vegan'],0.0
['FoodPorn'],0.0
['compsci'],0.0
['Bitcoin'],0.0
['Calligraphy'],0.0
['litecoin'],0.0
['DeadBedrooms'],0.0
['canes'],0.0
['PS3'],0.0
['SingleDads'],0.0
['Connecticut'],0.0
['3DS'],0.0
['LANL_German'],0.0
['playrustservers'],0.0
['OnePiece'],0.0
['skrillex'],0.0
['crossfit'],0.0
['makinghiphop'],0.0
['OkCupid'],0.01824817518248175
['BeardedDragons'],0.0
['newzealand'],0.0
['lostgeneration'],0.0
['Documentaries'],0.0
['chicagobulls'],0.0
['tipofmytongue'],0.0
['summonerschool'],0.011494252873563218
['cowboys'],0.0
['opiates'],0.0
['subaru'],0.0
['hearthstone'],0.0
['Homebrewing'],0.0
['GuessTheMovie'],0.0
['subreddit_conspiracy.csv'],0.028368794326241134
['subreddit_fatpeoplehate.csv'],0.14814814814814817
['subreddit_trashy.csv'],0.14285714285714285
['subreddit_Incels.csv'],0.07518796992481203
['subreddit_progresspics.csv'],0.11450381679389314
['subreddit_CoonTown.csv'],0.018796992481203006
['subreddit_whitesox.csv'],0.08823529411764705
['subreddit_sjwhate.csv'],0.04032258064516129
['subreddit_trailerparkboys.csv'],0.026041666666666668
['subreddit_whitepeoplegifs.csv'],0.056338028169014086
['subreddit_spicy.csv'],0.052083333333333336
['subreddit_GreatApes.csv'],0.11594202898550725
['subreddit_trashyboners.csv'],0.04032258064516129
['subreddit_whiteknighting.csv'],0.04065040650406505
['subreddit_botwatch.csv'],0.2314814814814815
['subreddit_whitewater.csv'],0.1626016260162602
['subreddit_mtgmarketwatch.csv'],0.1652892561983471
['subreddit_trailers.csv'],0.08196721311475409
['subreddit_Ijustwatched.csv'],0.045662100456621
['subreddit_youreacunt.csv'],0.026246719160104987
['subreddit_tycoon.csv'],0.028985507246376812
['subreddit_dykesgonewild.csv'],0.026041666666666668
['subreddit_gifsthatendtoosoon.csv'],0.08695652173913043
['subreddit_isrconspiracyracist.csv'],0.11278195488721802
['subreddit_whitecapsfc.csv'],0.0
['subreddit_robintracking.csv'],0.014492753623188406
['subreddit_mainecoons.csv'],0.040983606557377046
['subreddit_weightwatchers.csv'],0.0
['subreddit_smartwatch.csv'],0.04032258064516129
['subreddit_dykesgonemild.csv'],0.04065040650406505
['subreddit_jackwhite.csv'],0.03759398496240601
['subreddit_taptycoon.csv'],0.0851063829787234
['subreddit_whitebeauty.csv'],0.040983606557377046
['subreddit_redneckengineering.csv'],0.025839793281653745
['subreddit_seamusisabiggerfaggot.csv'],0.04032258064516129
['subreddit_getthewaternigger.csv'],0.040983606557377046
['subreddit_blackchickswhitedicks.csv'],0.025839793281653745
['subreddit_whitecollar.csv'],0.13043478260869565
['subreddit_realhate.csv'],0.24590163934426226
['subreddit_hatetruths.csv'],0.0
['subreddit_trashpandas.csv'],0.028985507246376812
['subreddit_truefirstworldretards.csv'],0.03676470588235294
['subreddit_ihatealramclocks.csv'],0.04132231404958678
['subreddit_blackmagicfuckery.csv'],0.01838235294117647
['subreddit_trueautobothate.csv'],0.06944444444444443
['subreddit_thebayesianconspiracy.csv'],0.11194029850746268
['subreddit_Mandyke.csv'],0.04032258064516129
['subreddit_dolphinconspiracy.csv'],0.02564102564102564
['subreddit_xboxonehate.csv'],0.040983606557377046
['subreddit_hater.csv'],0.028776978417266185
['subreddit_cuntryballs.csv'],0.03787878787878788
['subreddit_rocketraccoon.csv'],0.0
['subreddit_ketchuphate.csv'],0.04065040650406505
['subreddit_IdleOilTycoon.csv'],0.025839793281653745
['subreddit_conspiracyfact.csv'],0.0
['subreddit_fatpeoplehatehate.csv'],0.05755395683453237
['subreddit_ifuckinghatecats.csv'],0.10335917312661498
['subreddit_dearwhitepeople.csv'],0.1652892561983471
['subreddit_suspiciousquotes.csv'],0.09523809523809523
['subreddit_fatpeoplehateGW.csv'],0.04065040650406505
['subreddit_whitepeoplefacebook.csv'],0.01865671641791045
['subreddit_shittyconspiracy.csv'],0.02564102564102564
['subreddit_WhateverYouWantPosted.csv'],0.1791044776119403
['subreddit_pocketwatch.csv'],0.11278195488721802
['subreddit_grandpajoehate.csv'],0.057142857142857134
['subreddit_smartwatch3.csv'],0.040983606557377046
['subreddit_Ellenpaohate.csv'],0.01851851851851852
['subreddit_Cherubesque.csv'],0.136986301369863
['subreddit_ZooTycoon.csv'],0.040983606557377046
['subreddit_chickenhater.csv'],0.04132231404958678
['subreddit_HWWRaccoons.csv'],0.10416666666666667
['subreddit_Raccoons.csv'],0.10273972602739725
['subreddit_badasspics.csv'],0.04065040650406505
['subreddit_thoseconspiracyguys.csv'],0.02364066193853428
['subreddit_alphaalphatesting.csv'],0.04032258064516129
['subreddit_spiceworks.csv'],0.04032258064516129
['subreddit_cuntboyfur.csv'],0.04065040650406505
['subreddit_FuckCoonTown.csv'],0.04065040650406505
['subreddit_redneckfixes.csv'],0.040983606557377046
['subreddit_trashdetective.csv'],0.025839793281653745
['subreddit_gayassfaggot.csv'],0.028776978417266185
['subreddit_Coyolecooner23.csv'],0.025839793281653745
['subreddit_Saltwater.csv'],0.08695652173913043
['subreddit_fatwhichwehate.csv'],0.08064516129032258
['subreddit_TubeTycoon.csv'],0.040983606557377046
['subreddit_degresspics.csv'],0.0
['subreddit_IncelsWithoutHate.csv'],0.0
['subreddit_sjw_hate.csv'],0.1652892561983471
['subreddit_EllenPaoandfathate.csv'],0.07352941176470588
['subreddit_xxprogresspics.csv'],0.04065040650406505
['subreddit_farpeoplehate.csv'],0.04065040650406505
['subreddit_Anti_conspiracy.csv'],0.0813008130081301
['subreddit_whiteboy60.csv'],0.057142857142857134
['subreddit_ihatechristmas.csv'],0.04065040650406505
['subreddit_onionhate.csv'],0.10256410256410256
['subreddit_gametrailers.csv'],0.05128205128205128
['subreddit_TangerineTycoon.csv'],0.04032258064516129
['subreddit_CFLconspiracy.csv'],0.04032258064516129
['subreddit_musichate.csv'],0.06802721088435373
['subreddit_Grantisretarded.csv'],0.04065040650406505
['subreddit_fatpeoplehate6.csv'],0.11029411764705882
['subreddit_blackandwhite.csv'],0.03968253968253968
['subreddit_whitewhale.csv'],0.02544529262086514
['subreddit_patientwatchers.csv'],0.04032258064516129
['subreddit_dykesgoneliterate.csv'],0.01838235294117647
['subreddit_ageprogresspics.csv'],0.047961630695443645
['subreddit_whitepeople.csv'],0.025252525252525252
['subreddit_uncensoredwhitenews.csv'],0.03703703703703704
['subreddit_Rykerhate.csv'],0.11363636363636363
['subreddit_darkconspiracy.csv'],0.03703703703703704
['subreddit_niggerduy.csv'],0.23640661938534274
['subreddit_whitewatercirclejerk.csv'],0.02544529262086514
['subreddit_conspiracydocumentary.csv'],0.040983606557377046
['subreddit_fnafhate.csv'],0.01865671641791045
['subreddit_thebuttonwhiteknights.csv'],0.1724137931034483
['subreddit_whatever_Girl.csv'],0.028776978417266185
['subreddit_hospice.csv'],0.07575757575757576
['subreddit_museumtycoon.csv'],0.05128205128205128
['subreddit_hate.csv'],0.04065040650406505
['subreddit_TheIncels.csv'],0.040983606557377046
['subreddit_basspics.csv'],0.014388489208633093
['subreddit_IncelsGoneWild.csv'],0.08759124087591241
['subreddit_raccoongifs.csv'],0.06993006993006994
['subreddit_whitefolks.csv'],0.06944444444444443
['subreddit_mylittleconspiracy.csv'],0.0364963503649635
['subreddit_hatefulcomments.csv'],0.12857142857142856
['subreddit_ihatecats.csv'],0.040983606557377046
['subreddit_whateverhappenedto.csv'],0.040983606557377046
['subreddit_sonysmartwatch3.csv'],0.08196721311475409
['subreddit_nonwhite.csv'],0.07407407407407408
['subreddit_Shutupredneckman.csv'],0.02544529262086514
['subreddit_conspiracytheories.csv'],0.011574074074074073
['subreddit_fatpeoplehate30.csv'],0.052083333333333336
['subreddit_niggervideos.csv'],0.10416666666666667
['subreddit_nonwhitebimbos.csv'],0.04065040650406505
['subreddit_niggerniggers.csv'],0.04065040650406505
['subreddit_Whatever2.csv'],0.04032258064516129
['subreddit_puahate.csv'],0.08633093525179857
['subreddit_conspiracyhub.csv'],0.040983606557377046
['subreddit_whiteass.csv'],0.15748031496062992
['subreddit_jenniferwhite.csv'],0.026041666666666668
['subreddit_looking_suspicious.csv'],0.04032258064516129
['subreddit_cutecunts.csv'],0.025839793281653745
['subreddit_guyfierihate.csv'],0.018115942028985508
['subreddit_techieshate.csv'],0.10335917312661498
['subreddit_donttapthewhitetile.csv'],0.04032258064516129
['subreddit_talktrash.csv'],0.04032258064516129
['subreddit_hatethisanime.csv'],0.10178117048346055
['subreddit_ihaterconspiracyclub.csv'],0.0
['subreddit_fatsquirrelhate.csv'],0.10416666666666667
['subreddit_loseit_progresspics.csv'],0.04032258064516129
['subreddit_applehate.csv'],0.0746268656716418
['subreddit_FAT32peoplehate.csv'],0.04065040650406505
['subreddit_cheerhate.csv'],0.014084507042253521
['subreddit_MadGamesTycoon.csv'],0.040983606557377046
['subreddit_mediocrepeoplehate.csv'],0.08695652173913043
['subreddit_blackandwhite2.csv'],0.15503875968992248
['subreddit_fatwomenhate.csv'],0.14084507042253522
['subreddit_GameDevTycoon.csv'],0.12949640287769784
['subreddit_ciswhiteprivilege.csv'],0.026041666666666668
['subreddit_ConspicuousBrands.csv'],0.013986013986013986
['subreddit_hemanwomanhaters.csv'],0.01865671641791045
['subreddit_Fatraccoonhate.csv'],0.0
['subreddit_whitetigernorth.csv'],0.06711409395973154
['subreddit_trashcanned.csv'],0.025839793281653745
['subreddit_fatsteeplehate.csv'],0.025839793281653745
['subreddit_thinpeoplehate2.csv'],0.1839080459770115
['subreddit_dyke.csv'],0.014285714285714284
['subreddit_trashcansinatras.csv'],0.08196721311475409
['subreddit_AtwaterVillage.csv'],0.046620046620046623
['subreddit_fatpeoplehateveggies.csv'],0.04065040650406505
['subreddit_SumbitWhateverYouWant.csv'],0.17777777777777778
['subreddit_dirjjpeoplehate.csv'],0.09523809523809523
['subreddit_gildedconspiracy.csv'],0.04
['subreddit_hxh_hate.csv'],0.04065040650406505
['subreddit_modpeoplehate.csv'],0.01865671641791045
['subreddit_ihate.csv'],0.01893939393939394
['subreddit_jugglerisatwat.csv'],0.040983606557377046
['subreddit_baldpplarewalterwhite.csv'],0.04
['subreddit_whitepeoplecode.csv'],0.1626016260162602
['subreddit_Fatpeoplehate42069.csv'],0.04032258064516129
['subreddit_fatpeoplehate2.csv'],0.040983606557377046
['subreddit_spicymango.csv'],0.018796992481203006
['subreddit_trashyladyboners.csv'],0.16917293233082706
['subreddit_carsfilledwithtrash.csv'],0.044444444444444446
['subreddit_cringecringepicspics.csv'],0.05755395683453237
['subreddit_malepeoplehate.csv'],0.0
['subreddit_foodfuckers.csv'],0.0583941605839416
['subreddit_spicy_melons.csv'],0.01865671641791045
['subreddit_spambotwatch.csv'],0.11029411764705882
['subreddit_gayretard.csv'],0.014285714285714284
['subreddit_whitepeoplecomments.csv'],0.011990407673860911
['subreddit_pscuntboys.csv'],0.04032258064516129
['subreddit_askadyke.csv'],0.10273972602739725
['subreddit_spice_merchants.csv'],0.04065040650406505
['subreddit_whitebeltbjj.csv'],0.0746268656716418
['subreddit_trashymemes.csv'],0.07092198581560283
['subreddit_gifsthatendtoobus.csv'],0.0746268656716418
['subreddit_storiesbyfaggots.csv'],0.0
['subreddit_gotrpconspiracy.csv'],0.04032258064516129
['subreddit_PPRPconspiracy.csv'],0.0
['subreddit_fifahate.csv'],0.040983606557377046
['subreddit_Teenswhoarentretarded.csv'],0.11194029850746268
['subreddit_teamspeakfaggotry.csv'],0.17391304347826086
['subreddit_thinpeoplehate.csv'],0.13043478260869565
['subreddit_fat_niggers.csv'],0.01141552511415525
['subreddit_gifsthatendtoolate.csv'],0.040983606557377046
['subreddit_Suspicious0bservers.csv'],0.026041666666666668
['subreddit_roycewhite.csv'],0.371900826446281
['subreddit_rubegoldberghacathon.csv'],0.040983606557377046
['subreddit_shittyfatpeoplehate.csv'],0.03816793893129771
['subreddit_trash.csv'],0.025839793281653745
['subreddit_gifsthatendwaytoosoon.csv'],0.04132231404958678
['subreddit_proof_niggers_suck.csv'],0.0
['subreddit_fatpeoplehate8428.csv'],0.052083333333333336
['subreddit_firstworldfaggots.csv'],0.11363636363636363
['subreddit_Swiftmangahaters.csv'],0.04065040650406505
['subreddit_antiwhitereddit.csv'],0.052083333333333336
['subreddit_conspiracybestof.csv'],0.05128205128205128
['subreddit_fatpeoplehate404.csv'],0.040983606557377046
['subreddit_maymayconspiracy.csv'],0.14184397163120566
['subreddit_dairywhitecup.csv'],0.2898550724637681
['subreddit_fatwsgyhate.csv'],0.0228310502283105
['subreddit_the_spicy_carl.csv'],0.04032258064516129
['subreddit_MLS_conspiracy.csv'],0.04065040650406505
['subreddit_pawgresspics.csv'],0.040983606557377046
['subreddit_tifuconspiracy.csv'],0.11194029850746268
['subreddit_CISwhitemales.csv'],0.15037593984962405
['subreddit_newfatpeoplehate.csv'],0.08196721311475409
['subreddit_whateveryouwant.csv'],0.05249343832020997
['subreddit_coffeehaters.csv'],0.08264462809917356
['subreddit_deadpoolhatersclub.csv'],0.0373134328358209
['subreddit_heriotwatt.csv'],0.04032258064516129
['subreddit_karmatycoon.csv'],0.09195402298850575
['subreddit_niggerhumor.csv'],0.052083333333333336
['subreddit_niggerspics.csv'],0.057142857142857134
['subreddit_rud_fuckers.csv'],0.04065040650406505
['subreddit_wowretards.csv'],0.028169014084507043
['subreddit_modernarthate.csv'],0.09324009324009325
['subreddit_2000spics.csv'],0.028169014084507043
['subreddit_buspics.csv'],0.06802721088435373
['subreddit_spiceeey.csv'],0.07352941176470588
['subreddit_cunts.csv'],0.13043478260869565
