,subreddit,jaccard_score,labels
0,['runescape'],0.0254452926208651,0
1,['TeenMFA'],0.0403225806451612,0
2,['AnimalsBeingJerks'],0.0364963503649635,0
3,['AskReddit'],0.0,0
4,['truetf2'],0.0137931034482758,0
5,['skiing'],0.0,0
6,['nba'],0.0,0
7,['Exittors'],0.0111856823266219,0
8,['leagueoflegends'],0.0,0
9,['movies'],0.0108932461873638,0
10,['MapPorn'],0.0142857142857142,0
11,['wow'],0.0,0
12,['promos'],0.0,0
13,['GreenBayPackers'],0.0,0
14,['asoiaf'],0.0,0
15,['dayz'],0.0,0
16,['gaming'],0.0139860139860139,0
17,['AdviceAnimals'],0.0112612612612612,0
18,['ThisIsOurMusic'],0.0,0
19,['beerporn'],0.0,0
20,['sysadmin'],0.0,0
21,['TwoXChromosomes'],0.0,0
22,['cigars'],0.0,0
23,['todayilearned'],0.0,0
24,['pics'],0.0,0
25,['PercyJacksonRP'],0.0139860139860139,0
26,['technology'],0.0,0
27,['friendsafari'],0.0182481751824817,0
28,['CanadaPolitics'],0.0113378684807256,0
29,['malefashionadvice'],0.0,0
30,['SVExchange'],0.0,0
31,['electricians'],0.0,0
32,['Smite'],0.0,0
33,['guns'],0.0,0
34,['Random_Acts_Of_Amazon'],0.0,0
35,['skyrim'],0.0183823529411764,0
36,['pathofexile'],0.0144927536231884,0
37,['Sidehugs'],0.0,0
38,['cats'],0.0,0
39,['airsoft'],0.0,0
40,['INTP'],0.0,0
41,['funny'],0.0,0
42,['Justrolledintotheshop'],0.0186567164179104,0
43,['keto'],0.0185185185185185,0
44,['books'],0.0256410256410256,0
45,['community'],0.0,0
46,['LosAngeles'],0.0,0
47,['science'],0.0,0
48,['windowsphone'],0.0,0
49,['bestof'],0.0,0
50,['EngineeringStudents'],0.0,0
51,['teenagers'],0.0,0
52,['PotterPlayRP'],0.0139860139860139,0
53,['PS4'],0.0,0
54,['nfl'],0.0,0
55,['fatpeoplestories'],0.0,0
56,['soccer'],0.0138888888888888,0
57,['vapeitforward'],0.0,0
58,['BabyBumps'],0.0,0
59,['Art'],0.0136986301369863,0
60,['gallifrey'],0.0,0
61,['Lasseireitei'],0.0,0
62,['battlefield_4'],0.0,0
63,['freedonuts'],0.0,0
64,['hockey'],0.0,0
65,['lebanon'],0.0,0
66,['unitedkingdom'],0.0,0
67,['arrow'],0.0,0
68,['sports'],0.0,0
69,['conspiro'],0.0,0
70,['cellphones'],0.0,0
71,['pokemontrades'],0.0,0
72,['tall'],0.0,0
73,['Entrepreneur'],0.0258397932816537,0
74,['pjrpafterdark'],0.0,0
75,['MLPLounge'],0.0,0
76,['ChineseLanguage'],0.0,0
77,['PoliticalDiscussion'],0.0,0
78,['aww'],0.0,0
79,['FIFA'],0.0111111111111111,0
80,['cringepics'],0.0,0
81,['WTF'],0.0,0
82,['AN_RP'],0.0,0
83,['SteamGameSwap'],0.0,0
84,['DotA2'],0.0,0
85,['skyrimmods'],0.0,0
86,['raisedbynarcissists'],0.0112612612612612,0
87,['lewronggeneration'],0.0,0
88,['ShinyPokemon'],0.0,0
89,['AllThingsGuns'],0.0,0
90,['KerbalSpaceProgram'],0.0,0
91,['Ubuntu'],0.0,0
92,['AskMen'],0.0,0
93,['worldnews'],0.0,0
94,['circlejerk'],0.0,0
95,['mentalhealth'],0.0,0
96,['pokemon'],0.0,0
97,['Music'],0.0,0
98,['leafs'],0.0,0
99,['MechanicalKeyboards'],0.0,0
100,['mildlyinfuriating'],0.0256410256410256,0
101,['Astronomy'],0.0,0
102,['vita'],0.0,0
103,['IAmA'],0.0114942528735632,0
104,['HeroesofNewerth'],0.0,0
105,['taiwan'],0.0,0
106,['Starcitizen_trades'],0.0,0
107,['videos'],0.0,0
108,['userbattleslounge'],0.0,0
109,['bigboobproblems'],0.0,0
110,['phoenix'],0.0,0
111,['RandomActsOfPolish'],0.0,0
112,['PKA'],0.0,0
113,['Pokemongiveaway'],0.0,0
114,['Dota2Trade'],0.0,0
115,['randomsuperpowers'],0.0,0
116,['Ford'],0.0,0
117,['Eminem'],0.0,0
118,['Advice'],0.0111856823266219,0
119,['ultrahardcore'],0.0,0
120,['Spiderman'],0.0,0
121,['gifs'],0.0,0
122,['Libertarian'],0.0,0
123,['2007scape'],0.0112612612612612,0
124,['army'],0.0,0
125,['CFB'],0.0,0
126,['roosterteeth'],0.0,0
127,['WritingPrompts'],0.0,0
128,['metacanada'],0.0,0
129,['chicago'],0.0113378684807256,0
130,['Frugal'],0.0,0
131,['granturismo'],0.0,0
132,['relationships'],0.0,0
133,['dogemarket'],0.0,0
134,['ShingekiNoKyojin'],0.0258397932816537,0
135,['rawdenim'],0.0,0
136,['sharehearthstone'],0.0,0
137,['pcmasterrace'],0.0,0
138,['EroticHypnosis'],0.0,0
139,['OpiatesRecovery'],0.0,0
140,['sex'],0.0459770114942528,0
141,['Browns'],0.0,0
142,['tf2'],0.0,0
143,['BostonBruins'],0.0116550116550116,0
144,['r4rDFW'],0.0,0
145,['news'],0.0,0
146,['MMA'],0.0,0
147,['hiphopheads'],0.0,0
148,['GrandTheftAutoV'],0.0,0
149,['montreal'],0.0,0
150,['rage'],0.0137931034482758,0
151,['NASCAR'],0.0,0
152,['breakingbad'],0.0117370892018779,0
153,['FolkPunk'],0.0,0
154,['breastfeeding'],0.0,0
155,['orioles'],0.0,0
156,['Hiphopcirclejerk'],0.0,0
157,['Dachshund'],0.0,0
158,['kpop'],0.0,0
159,['iOSthemes'],0.0,0
160,['baseball'],0.0,0
161,['SNSD'],0.0,0
162,['starcraft'],0.0,0
163,['CollegeBasketball'],0.0,0
164,['wicked_edge'],0.0,0
165,['MakeupAddiction'],0.0,0
166,['askscience'],0.0,0
167,['actuallesbians'],0.0,0
168,['secretsanta'],0.0,0
169,['ladybonersgw'],0.0,0
170,['hcfactions'],0.0,0
171,['creepyPMs'],0.0,0
172,['starbound'],0.0,0
173,['trees'],0.0,0
174,['fantasybball'],0.0,0
175,['jailbreak'],0.0,0
176,['TrollXChromosomes'],0.0,0
177,['bikinis'],0.0,0
178,['AnimalCrossing'],0.0,0
179,['blog'],0.0,0
180,['strife'],0.0111856823266219,0
181,['futurama'],0.0,0
182,['Meditation'],0.0,0
183,['buildapc'],0.0,0
184,['Games'],0.0,0
185,['drunk'],0.0,0
186,['pcgaming'],0.0,0
187,['Flyers'],0.0,0
188,['legaladvice'],0.0,0
189,['television'],0.0,0
190,['Seahawks'],0.0,0
191,['Rateme'],0.0,0
192,['IASIP'],0.0,0
193,['SquaredCircle'],0.0,0
194,['NYGiants'],0.0,0
195,['musicals'],0.0111856823266219,0
196,['DarkoutGame'],0.0,0
197,['PropagandaPosters'],0.0,0
198,['Liberal'],0.0,0
199,['offbeat'],0.0,0
200,['australia'],0.0,0
201,['dogs'],0.0,0
202,['Steam'],0.0,0
203,['52weeksofcooking'],0.0,0
204,['cringe'],0.0,0
205,['TheRedLion'],0.0185185185185185,0
206,['Military'],0.0,0
207,['politics'],0.0,0
208,['conspiracy'],0.0,0
209,['AskWomen'],0.0141843971631205,0
210,['casualiama'],0.0,0
211,['GameDeals'],0.0,0
212,['mindcrack'],0.0,0
213,['playrust'],0.0,0
214,['TumblrInAction'],0.0,0
215,['argentina'],0.0,0
216,['TagPro'],0.0145985401459854,0
217,['Seattle'],0.0,0
218,['vegan'],0.0,0
219,['FoodPorn'],0.0,0
220,['compsci'],0.0,0
221,['Bitcoin'],0.0,0
222,['Calligraphy'],0.0,0
223,['litecoin'],0.0,0
224,['DeadBedrooms'],0.0,0
225,['canes'],0.0,0
226,['PS3'],0.0,0
227,['SingleDads'],0.0,0
228,['Connecticut'],0.0,0
229,['3DS'],0.0,0
230,['LANL_German'],0.0,0
231,['playrustservers'],0.0,0
232,['OnePiece'],0.0,0
233,['skrillex'],0.0,0
234,['crossfit'],0.0,0
235,['makinghiphop'],0.0,0
236,['OkCupid'],0.0182481751824817,0
237,['BeardedDragons'],0.0,0
238,['newzealand'],0.0,0
239,['lostgeneration'],0.0,0
240,['Documentaries'],0.0,0
241,['chicagobulls'],0.0,0
242,['tipofmytongue'],0.0,0
243,['summonerschool'],0.0114942528735632,0
244,['cowboys'],0.0,0
245,['opiates'],0.0,0
246,['subaru'],0.0,0
247,['hearthstone'],0.0,0
248,['Homebrewing'],0.0,0
249,['GuessTheMovie'],0.0,0
250,['subreddit_conspiracy.csv'],0.0283687943262411,0
251,['subreddit_fatpeoplehate.csv'],0.1481481481481481,0
252,['subreddit_trashy.csv'],0.1428571428571428,0
253,['subreddit_Incels.csv'],0.075187969924812,0
254,['subreddit_progresspics.csv'],0.1145038167938931,0
255,['subreddit_CoonTown.csv'],0.018796992481203,0
256,['subreddit_whitesox.csv'],0.088235294117647,0
257,['subreddit_sjwhate.csv'],0.0403225806451612,0
258,['subreddit_trailerparkboys.csv'],0.0260416666666666,0
259,['subreddit_whitepeoplegifs.csv'],0.056338028169014,0
260,['subreddit_spicy.csv'],0.0520833333333333,0
261,['subreddit_GreatApes.csv'],0.1159420289855072,0
262,['subreddit_trashyboners.csv'],0.0403225806451612,0
263,['subreddit_whiteknighting.csv'],0.040650406504065,0
264,['subreddit_botwatch.csv'],0.2314814814814815,1
265,['subreddit_whitewater.csv'],0.1626016260162602,0
266,['subreddit_mtgmarketwatch.csv'],0.1652892561983471,0
267,['subreddit_trailers.csv'],0.081967213114754,0
268,['subreddit_Ijustwatched.csv'],0.045662100456621,0
269,['subreddit_youreacunt.csv'],0.0262467191601049,0
270,['subreddit_tycoon.csv'],0.0289855072463768,0
271,['subreddit_dykesgonewild.csv'],0.0260416666666666,0
272,['subreddit_gifsthatendtoosoon.csv'],0.0869565217391304,0
273,['subreddit_isrconspiracyracist.csv'],0.112781954887218,0
274,['subreddit_whitecapsfc.csv'],0.0,0
275,['subreddit_robintracking.csv'],0.0144927536231884,0
276,['subreddit_mainecoons.csv'],0.040983606557377,0
277,['subreddit_weightwatchers.csv'],0.0,0
278,['subreddit_smartwatch.csv'],0.0403225806451612,0
279,['subreddit_dykesgonemild.csv'],0.040650406504065,0
280,['subreddit_jackwhite.csv'],0.037593984962406,0
281,['subreddit_taptycoon.csv'],0.0851063829787234,0
282,['subreddit_whitebeauty.csv'],0.040983606557377,0
283,['subreddit_redneckengineering.csv'],0.0258397932816537,0
284,['subreddit_seamusisabiggerfaggot.csv'],0.0403225806451612,0
285,['subreddit_getthewaternigger.csv'],0.040983606557377,0
286,['subreddit_blackchickswhitedicks.csv'],0.0258397932816537,0
287,['subreddit_whitecollar.csv'],0.1304347826086956,0
288,['subreddit_realhate.csv'],0.2459016393442622,1
289,['subreddit_hatetruths.csv'],0.0,0
290,['subreddit_trashpandas.csv'],0.0289855072463768,0
291,['subreddit_truefirstworldretards.csv'],0.0367647058823529,0
292,['subreddit_ihatealramclocks.csv'],0.0413223140495867,0
293,['subreddit_blackmagicfuckery.csv'],0.0183823529411764,0
294,['subreddit_trueautobothate.csv'],0.0694444444444444,0
295,['subreddit_thebayesianconspiracy.csv'],0.1119402985074626,0
296,['subreddit_Mandyke.csv'],0.0403225806451612,0
297,['subreddit_dolphinconspiracy.csv'],0.0256410256410256,0
298,['subreddit_xboxonehate.csv'],0.040983606557377,0
299,['subreddit_hater.csv'],0.0287769784172661,0
300,['subreddit_cuntryballs.csv'],0.0378787878787878,0
301,['subreddit_rocketraccoon.csv'],0.0,0
302,['subreddit_ketchuphate.csv'],0.040650406504065,0
303,['subreddit_IdleOilTycoon.csv'],0.0258397932816537,0
304,['subreddit_conspiracyfact.csv'],0.0,0
305,['subreddit_fatpeoplehatehate.csv'],0.0575539568345323,0
306,['subreddit_ifuckinghatecats.csv'],0.1033591731266149,0
307,['subreddit_dearwhitepeople.csv'],0.1652892561983471,0
308,['subreddit_suspiciousquotes.csv'],0.0952380952380952,0
309,['subreddit_fatpeoplehateGW.csv'],0.040650406504065,0
310,['subreddit_whitepeoplefacebook.csv'],0.0186567164179104,0
311,['subreddit_shittyconspiracy.csv'],0.0256410256410256,0
312,['subreddit_WhateverYouWantPosted.csv'],0.1791044776119403,1
313,['subreddit_pocketwatch.csv'],0.112781954887218,0
314,['subreddit_grandpajoehate.csv'],0.0571428571428571,0
315,['subreddit_smartwatch3.csv'],0.040983606557377,0
316,['subreddit_Ellenpaohate.csv'],0.0185185185185185,0
317,['subreddit_Cherubesque.csv'],0.136986301369863,0
318,['subreddit_ZooTycoon.csv'],0.040983606557377,0
319,['subreddit_chickenhater.csv'],0.0413223140495867,0
320,['subreddit_HWWRaccoons.csv'],0.1041666666666666,0
321,['subreddit_Raccoons.csv'],0.1027397260273972,0
322,['subreddit_badasspics.csv'],0.040650406504065,0
323,['subreddit_thoseconspiracyguys.csv'],0.0236406619385342,0
324,['subreddit_alphaalphatesting.csv'],0.0403225806451612,0
325,['subreddit_spiceworks.csv'],0.0403225806451612,0
326,['subreddit_cuntboyfur.csv'],0.040650406504065,0
327,['subreddit_FuckCoonTown.csv'],0.040650406504065,0
328,['subreddit_redneckfixes.csv'],0.040983606557377,0
329,['subreddit_trashdetective.csv'],0.0258397932816537,0
330,['subreddit_gayassfaggot.csv'],0.0287769784172661,0
331,['subreddit_Coyolecooner23.csv'],0.0258397932816537,0
332,['subreddit_Saltwater.csv'],0.0869565217391304,0
333,['subreddit_fatwhichwehate.csv'],0.0806451612903225,0
334,['subreddit_TubeTycoon.csv'],0.040983606557377,0
335,['subreddit_degresspics.csv'],0.0,0
336,['subreddit_IncelsWithoutHate.csv'],0.0,0
337,['subreddit_sjw_hate.csv'],0.1652892561983471,0
338,['subreddit_EllenPaoandfathate.csv'],0.0735294117647058,0
339,['subreddit_xxprogresspics.csv'],0.040650406504065,0
340,['subreddit_farpeoplehate.csv'],0.040650406504065,0
341,['subreddit_Anti_conspiracy.csv'],0.0813008130081301,0
342,['subreddit_whiteboy60.csv'],0.0571428571428571,0
343,['subreddit_ihatechristmas.csv'],0.040650406504065,0
344,['subreddit_onionhate.csv'],0.1025641025641025,0
345,['subreddit_gametrailers.csv'],0.0512820512820512,0
346,['subreddit_TangerineTycoon.csv'],0.0403225806451612,0
347,['subreddit_CFLconspiracy.csv'],0.0403225806451612,0
348,['subreddit_musichate.csv'],0.0680272108843537,0
349,['subreddit_Grantisretarded.csv'],0.040650406504065,0
350,['subreddit_fatpeoplehate6.csv'],0.1102941176470588,0
351,['subreddit_blackandwhite.csv'],0.0396825396825396,0
352,['subreddit_whitewhale.csv'],0.0254452926208651,0
353,['subreddit_patientwatchers.csv'],0.0403225806451612,0
354,['subreddit_dykesgoneliterate.csv'],0.0183823529411764,0
355,['subreddit_ageprogresspics.csv'],0.0479616306954436,0
356,['subreddit_whitepeople.csv'],0.0252525252525252,0
357,['subreddit_uncensoredwhitenews.csv'],0.037037037037037,0
358,['subreddit_Rykerhate.csv'],0.1136363636363636,0
359,['subreddit_darkconspiracy.csv'],0.037037037037037,0
360,['subreddit_niggerduy.csv'],0.2364066193853427,1
361,['subreddit_whitewatercirclejerk.csv'],0.0254452926208651,0
362,['subreddit_conspiracydocumentary.csv'],0.040983606557377,0
363,['subreddit_fnafhate.csv'],0.0186567164179104,0
364,['subreddit_thebuttonwhiteknights.csv'],0.1724137931034483,1
365,['subreddit_whatever_Girl.csv'],0.0287769784172661,0
366,['subreddit_hospice.csv'],0.0757575757575757,0
367,['subreddit_museumtycoon.csv'],0.0512820512820512,0
368,['subreddit_hate.csv'],0.040650406504065,0
369,['subreddit_TheIncels.csv'],0.040983606557377,0
370,['subreddit_basspics.csv'],0.014388489208633,0
371,['subreddit_IncelsGoneWild.csv'],0.0875912408759124,0
372,['subreddit_raccoongifs.csv'],0.0699300699300699,0
373,['subreddit_whitefolks.csv'],0.0694444444444444,0
374,['subreddit_mylittleconspiracy.csv'],0.0364963503649635,0
375,['subreddit_hatefulcomments.csv'],0.1285714285714285,0
376,['subreddit_ihatecats.csv'],0.040983606557377,0
377,['subreddit_whateverhappenedto.csv'],0.040983606557377,0
378,['subreddit_sonysmartwatch3.csv'],0.081967213114754,0
379,['subreddit_nonwhite.csv'],0.074074074074074,0
380,['subreddit_Shutupredneckman.csv'],0.0254452926208651,0
381,['subreddit_conspiracytheories.csv'],0.011574074074074,0
382,['subreddit_fatpeoplehate30.csv'],0.0520833333333333,0
383,['subreddit_niggervideos.csv'],0.1041666666666666,0
384,['subreddit_nonwhitebimbos.csv'],0.040650406504065,0
385,['subreddit_niggerniggers.csv'],0.040650406504065,0
386,['subreddit_Whatever2.csv'],0.0403225806451612,0
387,['subreddit_puahate.csv'],0.0863309352517985,0
388,['subreddit_conspiracyhub.csv'],0.040983606557377,0
389,['subreddit_whiteass.csv'],0.1574803149606299,0
390,['subreddit_jenniferwhite.csv'],0.0260416666666666,0
391,['subreddit_looking_suspicious.csv'],0.0403225806451612,0
392,['subreddit_cutecunts.csv'],0.0258397932816537,0
393,['subreddit_guyfierihate.csv'],0.0181159420289855,0
394,['subreddit_techieshate.csv'],0.1033591731266149,0
395,['subreddit_donttapthewhitetile.csv'],0.0403225806451612,0
396,['subreddit_talktrash.csv'],0.0403225806451612,0
397,['subreddit_hatethisanime.csv'],0.1017811704834605,0
398,['subreddit_ihaterconspiracyclub.csv'],0.0,0
399,['subreddit_fatsquirrelhate.csv'],0.1041666666666666,0
400,['subreddit_loseit_progresspics.csv'],0.0403225806451612,0
401,['subreddit_applehate.csv'],0.0746268656716418,0
402,['subreddit_FAT32peoplehate.csv'],0.040650406504065,0
403,['subreddit_cheerhate.csv'],0.0140845070422535,0
404,['subreddit_MadGamesTycoon.csv'],0.040983606557377,0
405,['subreddit_mediocrepeoplehate.csv'],0.0869565217391304,0
406,['subreddit_blackandwhite2.csv'],0.1550387596899224,0
407,['subreddit_fatwomenhate.csv'],0.1408450704225352,0
408,['subreddit_GameDevTycoon.csv'],0.1294964028776978,0
409,['subreddit_ciswhiteprivilege.csv'],0.0260416666666666,0
410,['subreddit_ConspicuousBrands.csv'],0.0139860139860139,0
411,['subreddit_hemanwomanhaters.csv'],0.0186567164179104,0
412,['subreddit_Fatraccoonhate.csv'],0.0,0
413,['subreddit_whitetigernorth.csv'],0.0671140939597315,0
414,['subreddit_trashcanned.csv'],0.0258397932816537,0
415,['subreddit_fatsteeplehate.csv'],0.0258397932816537,0
416,['subreddit_thinpeoplehate2.csv'],0.1839080459770115,1
417,['subreddit_dyke.csv'],0.0142857142857142,0
418,['subreddit_trashcansinatras.csv'],0.081967213114754,0
419,['subreddit_AtwaterVillage.csv'],0.0466200466200466,0
420,['subreddit_fatpeoplehateveggies.csv'],0.040650406504065,0
421,['subreddit_SumbitWhateverYouWant.csv'],0.1777777777777777,1
422,['subreddit_dirjjpeoplehate.csv'],0.0952380952380952,0
423,['subreddit_gildedconspiracy.csv'],0.04,0
424,['subreddit_hxh_hate.csv'],0.040650406504065,0
425,['subreddit_modpeoplehate.csv'],0.0186567164179104,0
426,['subreddit_ihate.csv'],0.0189393939393939,0
427,['subreddit_jugglerisatwat.csv'],0.040983606557377,0
428,['subreddit_baldpplarewalterwhite.csv'],0.04,0
429,['subreddit_whitepeoplecode.csv'],0.1626016260162602,0
430,['subreddit_Fatpeoplehate42069.csv'],0.0403225806451612,0
431,['subreddit_fatpeoplehate2.csv'],0.040983606557377,0
432,['subreddit_spicymango.csv'],0.018796992481203,0
433,['subreddit_trashyladyboners.csv'],0.169172932330827,0
434,['subreddit_carsfilledwithtrash.csv'],0.0444444444444444,0
435,['subreddit_cringecringepicspics.csv'],0.0575539568345323,0
436,['subreddit_malepeoplehate.csv'],0.0,0
437,['subreddit_foodfuckers.csv'],0.0583941605839416,0
438,['subreddit_spicy_melons.csv'],0.0186567164179104,0
439,['subreddit_spambotwatch.csv'],0.1102941176470588,0
440,['subreddit_gayretard.csv'],0.0142857142857142,0
441,['subreddit_whitepeoplecomments.csv'],0.0119904076738609,0
442,['subreddit_pscuntboys.csv'],0.0403225806451612,0
443,['subreddit_askadyke.csv'],0.1027397260273972,0
444,['subreddit_spice_merchants.csv'],0.040650406504065,0
445,['subreddit_whitebeltbjj.csv'],0.0746268656716418,0
446,['subreddit_trashymemes.csv'],0.0709219858156028,0
447,['subreddit_gifsthatendtoobus.csv'],0.0746268656716418,0
448,['subreddit_storiesbyfaggots.csv'],0.0,0
449,['subreddit_gotrpconspiracy.csv'],0.0403225806451612,0
450,['subreddit_PPRPconspiracy.csv'],0.0,0
451,['subreddit_fifahate.csv'],0.040983606557377,0
452,['subreddit_Teenswhoarentretarded.csv'],0.1119402985074626,0
453,['subreddit_teamspeakfaggotry.csv'],0.1739130434782608,1
454,['subreddit_thinpeoplehate.csv'],0.1304347826086956,0
455,['subreddit_fat_niggers.csv'],0.0114155251141552,0
456,['subreddit_gifsthatendtoolate.csv'],0.040983606557377,0
457,['subreddit_Suspicious0bservers.csv'],0.0260416666666666,0
458,['subreddit_roycewhite.csv'],0.371900826446281,1
459,['subreddit_rubegoldberghacathon.csv'],0.040983606557377,0
460,['subreddit_shittyfatpeoplehate.csv'],0.0381679389312977,0
461,['subreddit_trash.csv'],0.0258397932816537,0
462,['subreddit_gifsthatendwaytoosoon.csv'],0.0413223140495867,0
463,['subreddit_proof_niggers_suck.csv'],0.0,0
464,['subreddit_fatpeoplehate8428.csv'],0.0520833333333333,0
465,['subreddit_firstworldfaggots.csv'],0.1136363636363636,0
466,['subreddit_Swiftmangahaters.csv'],0.040650406504065,0
467,['subreddit_antiwhitereddit.csv'],0.0520833333333333,0
468,['subreddit_conspiracybestof.csv'],0.0512820512820512,0
469,['subreddit_fatpeoplehate404.csv'],0.040983606557377,0
470,['subreddit_maymayconspiracy.csv'],0.1418439716312056,0
471,['subreddit_dairywhitecup.csv'],0.2898550724637681,1
472,['subreddit_fatwsgyhate.csv'],0.0228310502283105,0
473,['subreddit_the_spicy_carl.csv'],0.0403225806451612,0
474,['subreddit_MLS_conspiracy.csv'],0.040650406504065,0
475,['subreddit_pawgresspics.csv'],0.040983606557377,0
476,['subreddit_tifuconspiracy.csv'],0.1119402985074626,0
477,['subreddit_CISwhitemales.csv'],0.150375939849624,0
478,['subreddit_newfatpeoplehate.csv'],0.081967213114754,0
479,['subreddit_whateveryouwant.csv'],0.0524934383202099,0
480,['subreddit_coffeehaters.csv'],0.0826446280991735,0
481,['subreddit_deadpoolhatersclub.csv'],0.0373134328358209,0
482,['subreddit_heriotwatt.csv'],0.0403225806451612,0
483,['subreddit_karmatycoon.csv'],0.0919540229885057,0
484,['subreddit_niggerhumor.csv'],0.0520833333333333,0
485,['subreddit_niggerspics.csv'],0.0571428571428571,0
486,['subreddit_rud_fuckers.csv'],0.040650406504065,0
487,['subreddit_wowretards.csv'],0.028169014084507,0
488,['subreddit_modernarthate.csv'],0.0932400932400932,0
489,['subreddit_2000spics.csv'],0.028169014084507,0
490,['subreddit_buspics.csv'],0.0680272108843537,0
491,['subreddit_spiceeey.csv'],0.0735294117647058,0
492,['subreddit_cunts.csv'],0.1304347826086956,0
